judge,id,dim1,dim2,dim3,pos,neg,timeout,ts
"compass-AI","K_t00_e00_p35","部分","异常","低","否","否","0","15:27:51"
"compass-AI","K_t00_e00_p80","部分","异常","低","否","否","0","15:27:53"
"compass-AI","K_t00_e01_p35","部分","异常","低","否","否","0","15:27:55"
"compass-AI","K_t00_e01_p80","部分","异常","低","否","否","0","15:27:56"
"compass-AI","K_t00_e03_p35","部分","异常","低","否","否","0","15:27:58"
"compass-AI","K_t00_e03_p80","部分","异常","低","否","否","0","15:28:00"
"compass-AI","K_t00_e05_p35","部分","正常","中","否","否","0","15:28:01"
"compass-AI","K_t00_e05_p80","部分","异常","低","否","否","0","15:28:03"
"compass-AI","K_t00_e07_p35","部分","异常","低","否","否","0","15:28:05"
"compass-AI","K_t00_e07_p80","部分","异常","低","否","否","0","15:28:07"
"compass-AI","K_t00_e09_p35","部分","异常","低","否","否","0","15:28:08"
"compass-AI","K_t00_e09_p80","部分","异常","低","否","否","0","15:28:10"
"compass-AI","K_t00_e12_p35","部分","异常","低","否","否","0","15:28:12"
"compass-AI","K_t00_e12_p80","部分","异常","低","否","否","0","15:28:14"
"compass-AI","K_t00_e14_p35","部分","异常","低","否","否","0","15:28:15"
"compass-AI","K_t00_e14_p80","部分","异常","低","否","否","0","15:28:17"
"compass-AI","K_t00_e15_p35","部分","异常","低","否","否","0","15:28:19"
"compass-AI","K_t00_e15_p80","部分","异常","低","否","否","0","15:28:23"
"compass-AI","K_t00_e17_p35","部分","正常","中","否","否","0","15:28:24"
"compass-AI","K_t00_e17_p80","部分","异常","低","否","否","0","15:28:26"
"compass-AI","K_t00_e18_p35","部分","异常","低","否","否","0","15:28:27"
"compass-AI","K_t00_e18_p80","部分","异常","低","否","否","0","15:28:29"
"compass-AI","K_t00_e21_p35","部分","正常","中","否","否","0","15:28:30"
"compass-AI","K_t00_e21_p80","部分","异常","低","否","否","0","15:28:32"
"compass-AI","K_t00_e22_p35","部分","异常","低","否","否","0","15:28:34"
"compass-AI","K_t00_e22_p80","部分","异常","低","否","否","0","15:28:35"
"compass-AI","K_t00_e24_p35","部分","异常","低","否","否","0","15:28:37"
"compass-AI","K_t00_e24_p80","部分","异常","低","否","否","0","15:28:39"
"compass-AI","K_t00_e26_p35","部分","异常","低","否","否","0","15:28:41"
"compass-AI","K_t00_e26_p80","部分","异常","低","否","否","0","15:28:42"
"compass-AI","K_t00_e29_p35","部分","异常","低","否","否","0","15:28:44"
"compass-AI","K_t00_e29_p80","部分","异常","低","否","否","0","15:28:46"
"compass-AI","K_t00_e31_p35","部分","异常","低","否","否","0","15:28:48"
"compass-AI","K_t00_e31_p80","部分","异常","低","否","否","0","15:28:50"
"compass-AI","K_t00_e34_p35","部分","异常","低","否","否","0","15:28:51"
"compass-AI","K_t00_e34_p80","部分","异常","低","否","否","0","15:28:53"
"compass-AI","K_t00_e36_p35","部分","异常","低","否","否","0","15:28:55"
"compass-AI","K_t00_e36_p80","部分","异常","低","否","否","0","15:28:57"
"compass-AI","K_t00_e38_p35","部分","异常","低","否","否","0","15:28:59"
"compass-AI","K_t00_e38_p80","部分","异常","低","否","否","0","15:29:01"
"compass-AI","K_t00_e41_p35","部分","异常","低","否","否","0","15:29:03"
"compass-AI","K_t00_e41_p80","部分","异常","低","否","否","0","15:29:04"
"compass-AI","K_t00_e43_p35","部分","正常","中","否","否","0","15:29:05"
"compass-AI","K_t00_e43_p80","部分","异常","低","否","否","0","15:29:07"
"compass-AI","K_t00_e46_p35","部分","正常","中","否","否","0","15:29:08"
"compass-AI","K_t00_e46_p80","部分","异常","低","否","否","0","15:29:10"
"compass-AI","K_t00_e49_p35","部分","异常","低","否","否","0","15:29:12"
"compass-AI","K_t00_e49_p80","部分","异常","低","否","否","0","15:29:13"
"compass-AI","K_t01_e04_p35","部分","异常","低","否","否","0","15:29:15"
"compass-AI","K_t01_e04_p80","部分","异常","低","否","否","0","15:29:17"
"compass-AI","K_t01_e06_p35","部分","异常","低","否","否","0","15:29:19"
"compass-AI","K_t01_e06_p80","部分","异常","低","否","否","0","15:29:21"
"compass-AI","K_t01_e16_p35","部分","异常","低","否","否","0","15:29:22"
"compass-AI","K_t01_e16_p80","部分","异常","低","否","否","0","15:29:24"
"compass-AI","K_t02_e07_p35","部分","正常","中","否","否","0","15:29:26"
"compass-AI","K_t02_e07_p80","部分","正常","中","否","否","0","15:29:28"
"compass-AI","K_t03_e06_p35","部分","异常","低","否","是","0","15:29:29"
"compass-AI","K_t03_e06_p80","部分","异常","低","否","否","0","15:29:31"
"compass-AI","K_t03_e19_p35","部分","异常","低","否","是","0","15:29:32"
"compass-AI","K_t03_e19_p80","部分","异常","低","否","是","0","15:29:33"
"compass-AI","K_t04_e02_p35","部分","正常","中","否","否","0","15:29:34"
"compass-AI","K_t04_e02_p80","部分","异常","低","否","否","0","15:29:36"
"compass-AI","K_t04_e15_p35","部分","正常","中","否","否","0","15:29:37"
"compass-AI","K_t04_e15_p80","部分","异常","低","否","否","0","15:29:39"
"compass-AI","K_t04_e23_p35","部分","正常","中","否","否","0","15:29:40"
"compass-AI","K_t04_e23_p80","部分","异常","低","否","否","0","15:29:42"
"compass-AI","K_t04_e27_p35","部分","正常","中","否","否","0","15:29:43"
"compass-AI","K_t04_e27_p80","部分","正常","中","否","否","0","15:29:44"
"compass-AI","K_t05_e10_p35","部分","正常","中","否","否","0","15:29:45"
"compass-AI","K_t05_e10_p80","部分","正常","中","否","否","0","15:29:46"
"compass-AI","K_t06_e04_p35","部分","异常","低","否","否","0","15:29:47"
"compass-AI","K_t06_e04_p80","部分","异常","低","否","否","0","15:29:49"
"compass-AI","K_t06_e08_p35","部分","正常","中","否","否","0","15:29:50"
"compass-AI","K_t06_e08_p80","部分","异常","低","否","否","0","15:29:52"
"compass-AI","K_t06_e11_p35","部分","异常","低","否","否","0","15:29:54"
"compass-AI","K_t06_e11_p80","部分","异常","低","否","否","0","15:29:55"
"compass-AI","K_t06_e13_p35","部分","异常","低","否","否","0","15:29:57"
"compass-AI","K_t06_e13_p80","部分","异常","低","否","否","0","15:29:59"
"compass-AI","K_t06_e16_p35","部分","正常","中","否","否","0","15:30:00"
"compass-AI","K_t06_e16_p80","部分","异常","低","否","否","0","15:30:02"
"compass-AI","K_t06_e20_p35","部分","正常","中","否","否","0","15:30:03"
"compass-AI","K_t06_e20_p80","部分","异常","低","否","否","0","15:30:05"
"compass-AI","K_t06_e22_p35","部分","正常","中","否","否","0","15:30:06"
"compass-AI","K_t06_e22_p80","部分","异常","低","否","否","0","15:30:08"
"compass-AI","K_t06_e28_p35","部分","正常","中","否","否","0","15:30:09"
"compass-AI","K_t06_e28_p80","部分","正常","中","否","否","0","15:30:10"
"compass-AI","K_t06_e30_p35","部分","异常","低","否","否","0","15:30:12"
"compass-AI","K_t06_e30_p80","部分","正常","中","否","否","0","15:30:13"
"compass-AI","K_t06_e32_p35","部分","异常","低","否","否","0","15:30:14"
"compass-AI","K_t06_e32_p80","部分","异常","低","否","否","0","15:30:16"
"compass-AI","K_t06_e35_p35","部分","正常","中","否","否","0","15:30:18"
"compass-AI","K_t06_e35_p80","部分","异常","低","否","否","0","15:30:19"
"compass-AI","K_t06_e39_p35","部分","异常","低","否","否","0","15:30:21"
"compass-AI","K_t06_e39_p80","部分","正常","中","否","否","0","15:30:22"
"compass-AI","K_t06_e42_p35","部分","正常","中","否","否","0","15:30:23"
"compass-AI","K_t06_e42_p80","部分","异常","低","否","否","0","15:30:25"
"compass-AI","K_t06_e44_p35","部分","异常","低","否","否","0","15:30:27"
"compass-AI","K_t06_e44_p80","部分","异常","低","否","否","0","15:30:28"
"compass-AI","K_t06_e47_p35","部分","异常","低","否","否","0","15:30:30"
"compass-AI","K_t06_e47_p80","部分","异常","低","否","否","0","15:30:32"
"compass-AI","K_t08_e02_p35","部分","正常","中","否","否","0","15:30:33"
"compass-AI","K_t08_e02_p80","部分","正常","中","否","否","0","15:30:34"
"compass-AI","K_t08_e08_p35","部分","正常","中","否","否","0","15:30:35"
"compass-AI","K_t08_e08_p80","部分","正常","中","否","否","0","15:30:36"
"compass-AI","K_t08_e12_p35","部分","正常","中","否","否","0","15:30:37"
"compass-AI","K_t08_e12_p80","部分","正常","中","否","否","0","15:30:38"
"compass-AI","K_t08_e21_p35","部分","正常","中","否","否","0","15:30:39"
"compass-AI","K_t08_e21_p80","部分","正常","中","否","否","0","15:30:40"
"compass-AI","K_t08_e23_p35","部分","正常","中","否","否","0","15:30:41"
"compass-AI","K_t08_e23_p80","部分","正常","中","否","否","0","15:30:42"
"compass-AI","K_t08_e25_p35","部分","正常","中","否","否","0","15:30:43"
"compass-AI","K_t08_e25_p80","部分","正常","中","否","否","0","15:30:44"
"compass-AI","K_t08_e37_p35","部分","正常","中","否","否","0","15:30:45"
"compass-AI","K_t08_e37_p80","部分","正常","中","否","否","0","15:30:46"
"compass-AI","K_t08_e40_p35","部分","正常","中","否","否","0","15:30:47"
"compass-AI","K_t08_e40_p80","部分","正常","中","否","否","0","15:30:48"
"compass-AI","K_t08_e48_p35","部分","正常","中","否","否","0","15:30:49"
"compass-AI","K_t08_e48_p80","部分","正常","中","否","否","0","15:30:50"
"compass-AI","K_t09_e00_p35","部分","正常","中","否","否","0","15:30:51"
"compass-AI","K_t09_e00_p80","部分","正常","中","否","否","0","15:30:52"
"compass-AI","K_t09_e11_p35","部分","正常","中","否","否","0","15:30:53"
"compass-AI","K_t09_e11_p80","部分","异常","低","否","是","0","15:30:54"
"compass-AI","K_t09_e13_p35","部分","正常","中","否","否","0","15:30:55"
"compass-AI","K_t09_e13_p80","部分","异常","低","否","否","0","15:30:57"
"compass-AI","K_t09_e33_p35","部分","正常","中","否","否","0","15:30:58"
"compass-AI","K_t09_e33_p80","部分","正常","中","否","否","0","15:30:59"
"compass-AI","K_t09_e45_p35","部分","正常","中","否","否","0","15:31:00"
"compass-AI","K_t09_e45_p80","部分","异常","低","否","否","0","15:31:02"
"compass-AI","M_t00_e14_p35","部分","正常","中","否","否","0","15:31:03"
"compass-AI","M_t00_e14_p80","部分","异常","低","否","否","0","15:31:05"
"compass-AI","M_t00_e41_p35","部分","异常","低","否","否","0","15:31:07"
"compass-AI","M_t00_e41_p80","部分","异常","低","否","否","0","15:31:09"
"compass-AI","M_t00_e49_p35","部分","正常","中","否","否","0","15:31:11"
"compass-AI","M_t00_e49_p80","部分","异常","低","否","否","0","15:31:12"
"compass-AI","M_t02_e06_p35","部分","正常","中","否","否","0","15:31:14"
"compass-AI","M_t02_e06_p80","部分","正常","中","否","否","0","15:31:15"
"compass-AI","M_t02_e33_p35","部分","正常","中","否","否","0","15:31:16"
"compass-AI","M_t02_e33_p80","部分","正常","中","否","否","0","15:31:18"
"compass-AI","M_t03_e17_p35","部分","异常","低","否","是","0","15:31:19"
"compass-AI","M_t03_e17_p80","部分","异常","低","否","是","0","15:31:20"
"compass-AI","M_t04_e15_p35","部分","正常","中","否","否","0","15:31:21"
"compass-AI","M_t04_e15_p80","部分","异常","低","否","否","0","15:31:23"
"compass-AI","M_t04_e31_p35","部分","异常","低","否","否","0","15:31:25"
"compass-AI","M_t04_e31_p80","部分","正常","中","否","否","0","15:31:26"
"compass-AI","M_t04_e34_p35","部分","异常","低","否","否","0","15:31:28"
"compass-AI","M_t04_e34_p80","部分","异常","低","否","否","0","15:31:30"
"compass-AI","M_t04_e38_p35","部分","异常","低","否","否","0","15:31:31"
"compass-AI","M_t04_e38_p80","部分","正常","中","否","否","0","15:31:32"
"compass-AI","M_t04_e45_p35","部分","正常","中","否","否","0","15:31:33"
"compass-AI","M_t04_e45_p80","部分","异常","低","否","否","0","15:31:35"
"compass-AI","M_t05_e03_p35","部分","正常","中","否","否","0","15:31:36"
"compass-AI","M_t05_e03_p80","部分","正常","中","否","否","0","15:31:37"
"compass-AI","M_t05_e20_p35","部分","正常","中","否","否","0","15:31:38"
"compass-AI","M_t05_e20_p80","部分","异常","低","否","否","0","15:31:40"
"compass-AI","M_t05_e46_p35","部分","正常","中","否","否","0","15:31:41"
"compass-AI","M_t05_e46_p80","部分","正常","中","否","否","0","15:31:43"
"compass-AI","M_t06_e01_p35","部分","异常","低","否","否","0","15:31:45"
"compass-AI","M_t06_e01_p80","部分","异常","低","否","否","0","15:31:47"
"compass-AI","M_t06_e09_p35","部分","异常","低","否","否","0","15:31:49"
"compass-AI","M_t06_e09_p80","部分","异常","低","否","否","0","15:31:50"
"compass-AI","M_t06_e23_p35","部分","正常","中","否","否","0","15:31:51"
"compass-AI","M_t06_e23_p80","部分","异常","低","否","否","0","15:31:53"
"compass-AI","M_t06_e27_p35","部分","正常","中","否","否","0","15:31:54"
"compass-AI","M_t06_e27_p80","部分","异常","低","否","否","0","15:31:56"
"compass-AI","M_t06_e36_p35","部分","正常","中","否","否","0","15:31:57"
"compass-AI","M_t06_e36_p80","部分","异常","低","否","否","0","15:31:59"
"compass-AI","M_t06_e43_p35","部分","正常","中","否","否","0","15:32:00"
"compass-AI","M_t06_e43_p80","部分","正常","中","否","否","0","15:32:01"
"compass-AI","M_t07_e24_p35","部分","正常","中","否","否","0","15:32:02"
"compass-AI","M_t07_e24_p80","部分","异常","低","否","否","0","15:32:04"
"compass-AI","M_t08_e00_p35","部分","正常","中","否","否","0","15:32:05"
"compass-AI","M_t08_e00_p80","部分","正常","中","否","否","0","15:32:06"
"compass-AI","M_t08_e01_p35","部分","正常","中","否","否","0","15:32:07"
"compass-AI","M_t08_e01_p80","部分","正常","中","否","否","0","15:32:08"
"compass-AI","M_t08_e02_p35","部分","正常","中","否","否","0","15:32:09"
"compass-AI","M_t08_e02_p80","部分","正常","中","否","否","0","15:32:10"
"compass-AI","M_t08_e03_p35","部分","正常","中","否","否","0","15:32:11"
"compass-AI","M_t08_e03_p80","部分","正常","中","否","否","0","15:32:12"
"compass-AI","M_t08_e04_p35","部分","正常","中","否","否","0","15:32:13"
"compass-AI","M_t08_e04_p80","部分","正常","中","否","否","0","15:32:14"
"compass-AI","M_t08_e05_p35","部分","正常","中","否","否","0","15:32:15"
"compass-AI","M_t08_e05_p80","部分","正常","中","否","否","0","15:32:16"
"compass-AI","M_t08_e06_p35","部分","正常","中","否","否","0","15:32:17"
"compass-AI","M_t08_e06_p80","部分","正常","中","否","否","0","15:32:18"
"compass-AI","M_t08_e07_p35","部分","正常","中","否","否","0","15:32:19"
"compass-AI","M_t08_e07_p80","部分","正常","中","否","否","0","15:32:20"
"compass-AI","M_t08_e08_p35","部分","正常","中","否","否","0","15:32:21"
"compass-AI","M_t08_e08_p80","部分","正常","中","否","否","0","15:32:22"
"compass-AI","M_t08_e10_p35","部分","正常","中","否","否","0","15:32:23"
"compass-AI","M_t08_e10_p80","部分","正常","中","否","否","0","15:32:25"
"compass-AI","M_t08_e11_p35","部分","正常","中","否","否","0","15:32:26"
"compass-AI","M_t08_e11_p80","部分","正常","中","否","否","0","15:32:27"
"compass-AI","M_t08_e12_p35","部分","正常","中","否","否","0","15:32:28"
"compass-AI","M_t08_e12_p80","部分","正常","中","否","否","0","15:32:29"
"compass-AI","M_t08_e13_p35","部分","正常","中","否","否","0","15:32:30"
"compass-AI","M_t08_e13_p80","部分","正常","中","否","否","0","15:32:31"
"compass-AI","M_t08_e14_p35","部分","正常","中","否","否","0","15:32:32"
"compass-AI","M_t08_e14_p80","部分","正常","中","否","否","0","15:32:33"
"compass-AI","M_t08_e15_p35","部分","正常","中","否","否","0","15:32:34"
"compass-AI","M_t08_e15_p80","部分","正常","中","否","否","0","15:32:35"
"compass-AI","M_t08_e16_p35","部分","正常","中","否","否","0","15:32:36"
"compass-AI","M_t08_e16_p80","部分","正常","中","否","否","0","15:32:37"
"compass-AI","M_t08_e17_p35","部分","正常","中","否","否","0","15:32:38"
"compass-AI","M_t08_e17_p80","部分","正常","中","否","否","0","15:32:39"
"compass-AI","M_t08_e18_p35","部分","正常","中","否","否","0","15:32:40"
"compass-AI","M_t08_e18_p80","部分","正常","中","否","否","0","15:32:41"
"compass-AI","M_t08_e19_p35","部分","正常","中","否","否","0","15:32:42"
"compass-AI","M_t08_e19_p80","部分","正常","中","否","否","0","15:32:43"
"compass-AI","M_t08_e20_p35","部分","正常","中","否","否","0","15:32:44"
"compass-AI","M_t08_e20_p80","部分","正常","中","否","否","0","15:32:45"
"compass-AI","M_t08_e21_p35","部分","正常","中","否","否","0","15:32:47"
"compass-AI","M_t08_e21_p80","部分","正常","中","否","否","0","15:32:48"
"compass-AI","M_t08_e22_p35","部分","正常","中","否","否","0","15:32:49"
"compass-AI","M_t08_e22_p80","部分","正常","中","否","否","0","15:32:50"
"compass-AI","M_t08_e23_p35","部分","正常","中","否","否","0","15:32:51"
"compass-AI","M_t08_e23_p80","部分","正常","中","否","否","0","15:32:52"
"compass-AI","M_t08_e24_p35","部分","正常","中","否","否","0","15:32:53"
"compass-AI","M_t08_e24_p80","部分","正常","中","否","否","0","15:32:54"
"compass-AI","M_t08_e26_p35","部分","正常","中","否","否","0","15:32:55"
"compass-AI","M_t08_e26_p80","部分","正常","中","否","否","0","15:32:56"
"compass-AI","M_t08_e28_p35","部分","正常","中","否","否","0","15:32:57"
"compass-AI","M_t08_e28_p80","部分","正常","中","否","否","0","15:32:58"
"compass-AI","M_t08_e29_p35","部分","正常","中","否","否","0","15:32:59"
"compass-AI","M_t08_e29_p80","部分","正常","中","否","否","0","15:33:00"
"compass-AI","M_t08_e32_p35","部分","正常","中","否","否","0","15:33:01"
"compass-AI","M_t08_e32_p80","部分","正常","中","否","否","0","15:33:02"
"compass-AI","M_t08_e35_p35","部分","正常","中","否","否","0","15:33:03"
"compass-AI","M_t08_e35_p80","部分","正常","中","否","否","0","15:33:04"
"compass-AI","M_t08_e37_p35","部分","正常","中","否","否","0","15:33:05"
"compass-AI","M_t08_e37_p80","部分","正常","中","否","否","0","15:33:06"
"compass-AI","M_t08_e39_p35","部分","正常","中","否","否","0","15:33:07"
"compass-AI","M_t08_e39_p80","部分","正常","中","否","否","0","15:33:08"
"compass-AI","M_t08_e40_p35","部分","正常","中","否","否","0","15:33:09"
"compass-AI","M_t08_e40_p80","部分","正常","中","否","否","0","15:33:10"
"compass-AI","M_t08_e42_p35","部分","正常","中","否","否","0","15:33:11"
"compass-AI","M_t08_e42_p80","部分","正常","中","否","否","0","15:33:12"
"compass-AI","M_t08_e47_p35","部分","正常","中","否","否","0","15:33:13"
"compass-AI","M_t08_e47_p80","部分","正常","中","否","否","0","15:33:14"
"compass-AI","M_t09_e04_p35","部分","正常","中","否","否","0","15:33:16"
"compass-AI","M_t09_e04_p80","部分","正常","中","否","否","0","15:33:17"
"compass-AI","M_t09_e18_p35","部分","正常","中","否","否","0","15:33:18"
"compass-AI","M_t09_e18_p80","部分","异常","低","否","否","0","15:33:20"
"compass-AI","M_t09_e25_p35","部分","正常","中","否","否","0","15:33:21"
"compass-AI","M_t09_e25_p80","部分","正常","中","否","否","0","15:33:22"
"compass-AI","M_t09_e30_p35","部分","正常","中","否","否","0","15:33:23"
"compass-AI","M_t09_e30_p80","部分","正常","中","否","否","0","15:33:24"
"compass-AI","M_t09_e44_p35","部分","正常","中","否","否","0","15:33:25"
"compass-AI","M_t09_e44_p80","部分","正常","中","否","否","0","15:33:26"
"compass-AI","M_t09_e48_p35","部分","正常","中","否","否","0","15:33:27"
"compass-AI","M_t09_e48_p80","部分","异常","低","否","否","0","15:33:29"
"compass-AI","X_t00_e00_p35","部分","异常","低","否","否","0","15:33:30"
"compass-AI","X_t00_e00_p80","部分","异常","低","否","否","0","15:33:32"
"compass-AI","X_t00_e01_p35","部分","异常","低","否","否","0","15:33:34"
"compass-AI","X_t00_e01_p80","部分","异常","低","否","否","0","15:33:36"
"compass-AI","X_t00_e03_p35","部分","异常","低","否","否","0","15:33:38"
"compass-AI","X_t00_e03_p80","部分","异常","低","否","否","0","15:33:39"
"compass-AI","X_t00_e05_p35","部分","异常","低","否","否","0","15:33:41"
"compass-AI","X_t00_e05_p80","部分","异常","低","否","否","0","15:33:43"
"compass-AI","X_t00_e07_p35","部分","异常","低","否","否","0","15:33:45"
"compass-AI","X_t00_e07_p80","部分","异常","低","否","否","0","15:33:46"
"compass-AI","X_t00_e10_p35","部分","正常","中","否","否","0","15:33:47"
"compass-AI","X_t00_e10_p80","部分","异常","低","否","否","0","15:33:49"
"compass-AI","X_t00_e12_p35","部分","异常","低","否","否","0","15:33:51"
"compass-AI","X_t00_e12_p80","部分","异常","低","否","否","0","15:33:53"
"compass-AI","X_t00_e14_p35","部分","异常","低","否","否","0","15:33:55"
"compass-AI","X_t00_e14_p80","部分","异常","低","否","否","0","15:33:56"
"compass-AI","X_t00_e15_p35","部分","异常","低","否","否","0","15:33:58"
"compass-AI","X_t00_e15_p80","部分","异常","低","否","否","0","15:34:00"
"compass-AI","X_t00_e19_p35","部分","正常","中","否","否","0","15:34:01"
"compass-AI","X_t00_e19_p80","部分","异常","低","否","否","0","15:34:03"
"compass-AI","X_t00_e22_p35","部分","正常","中","否","否","0","15:34:04"
"compass-AI","X_t00_e22_p80","部分","异常","低","否","否","0","15:34:06"
"compass-AI","X_t00_e24_p35","部分","异常","低","否","否","0","15:34:07"
"compass-AI","X_t00_e24_p80","部分","异常","低","否","否","0","15:34:09"
"compass-AI","X_t00_e26_p35","部分","异常","低","否","否","0","15:34:11"
"compass-AI","X_t00_e26_p80","部分","异常","低","否","否","0","15:34:13"
"compass-AI","X_t00_e28_p35","部分","异常","低","否","否","0","15:34:15"
"compass-AI","X_t00_e28_p80","部分","异常","低","否","否","0","15:34:17"
"compass-AI","X_t00_e31_p35","部分","异常","低","否","否","0","15:34:18"
"compass-AI","X_t00_e31_p80","部分","异常","低","否","否","0","15:34:20"
"compass-AI","X_t00_e33_p35","部分","异常","低","否","否","0","15:34:22"
"compass-AI","X_t00_e33_p80","部分","异常","低","否","否","0","15:34:24"
"compass-AI","X_t00_e36_p35","部分","异常","低","否","否","0","15:34:26"
"compass-AI","X_t00_e36_p80","部分","异常","低","否","否","0","15:34:28"
"compass-AI","X_t00_e39_p35","部分","异常","低","否","否","0","15:34:29"
"compass-AI","X_t00_e39_p80","部分","异常","低","否","否","0","15:34:31"
"compass-AI","X_t00_e41_p35","部分","异常","低","否","否","0","15:34:33"
"compass-AI","X_t00_e41_p80","部分","异常","低","否","否","0","15:34:35"
"compass-AI","X_t00_e42_p35","部分","异常","低","否","否","0","15:34:36"
"compass-AI","X_t00_e42_p80","部分","异常","低","否","否","0","15:34:38"
"compass-AI","X_t00_e43_p35","部分","异常","低","否","否","0","15:34:40"
"compass-AI","X_t00_e43_p80","部分","异常","低","否","否","0","15:34:42"
"compass-AI","X_t00_e46_p35","部分","异常","低","否","否","0","15:34:43"
"compass-AI","X_t00_e46_p80","部分","异常","低","否","否","0","15:34:45"
"compass-AI","X_t00_e48_p35","部分","异常","低","否","否","0","15:34:47"
"compass-AI","X_t00_e48_p80","部分","异常","低","否","否","0","15:34:49"
"compass-AI","X_t01_e04_p35","部分","异常","低","否","否","0","15:34:51"
"compass-AI","X_t01_e04_p80","部分","异常","低","否","否","0","15:34:52"
"compass-AI","X_t01_e34_p35","部分","异常","低","否","否","0","15:34:54"
"compass-AI","X_t01_e34_p80","部分","异常","低","否","否","0","15:34:56"
"compass-AI","X_t02_e02_p35","部分","正常","中","否","否","0","15:34:58"
"compass-AI","X_t02_e02_p80","部分","正常","中","否","否","0","15:35:00"
"compass-AI","X_t02_e05_p35","部分","正常","中","否","否","0","15:35:02"
"compass-AI","X_t02_e05_p80","部分","正常","中","否","否","0","15:35:04"
"compass-AI","X_t03_e16_p35","部分","异常","低","否","是","0","15:35:05"
"compass-AI","X_t03_e16_p80","部分","异常","低","否","是","0","15:35:06"
"compass-AI","X_t03_e20_p35","部分","异常","低","否","是","0","15:35:07"
"compass-AI","X_t03_e20_p80","部分","异常","低","否","否","0","15:35:08"
"compass-AI","X_t04_e03_p35","部分","正常","中","否","否","0","15:35:09"
"compass-AI","X_t04_e03_p80","部分","正常","中","否","否","0","15:35:10"
"compass-AI","X_t04_e37_p35","部分","正常","中","否","否","0","15:35:11"
"compass-AI","X_t04_e37_p80","部分","正常","中","否","否","0","15:35:12"
"compass-AI","X_t05_e13_p35","部分","正常","中","否","否","0","15:35:13"
"compass-AI","X_t05_e13_p80","部分","正常","中","否","否","0","15:35:15"
"compass-AI","X_t06_e08_p35","部分","异常","低","否","否","0","15:35:16"
"compass-AI","X_t06_e08_p80","部分","正常","中","否","否","0","15:35:17"
"compass-AI","X_t06_e14_p35","部分","正常","中","否","否","0","15:35:18"
"compass-AI","X_t06_e14_p80","部分","异常","低","否","否","0","15:35:20"
"compass-AI","X_t06_e16_p35","部分","正常","中","否","否","0","15:35:21"
"compass-AI","X_t06_e16_p80","部分","异常","低","否","否","0","15:35:23"
"compass-AI","X_t06_e20_p35","部分","正常","中","否","否","0","15:35:24"
"compass-AI","X_t06_e20_p80","部分","正常","中","否","否","0","15:35:25"
"compass-AI","X_t06_e21_p35","部分","正常","中","否","否","0","15:35:26"
"compass-AI","X_t06_e21_p80","部分","异常","低","否","否","0","15:35:28"
"compass-AI","X_t06_e23_p35","部分","正常","中","否","否","0","15:35:29"
"compass-AI","X_t06_e23_p80","部分","正常","中","否","否","0","15:35:30"
"compass-AI","X_t06_e29_p35","部分","正常","中","否","否","0","15:35:31"
"compass-AI","X_t06_e29_p80","部分","异常","低","否","否","0","15:35:33"
"compass-AI","X_t06_e32_p35","部分","异常","低","否","否","0","15:35:35"
"compass-AI","X_t06_e32_p80","部分","异常","低","否","否","0","15:35:37"
"compass-AI","X_t06_e35_p35","部分","异常","低","否","否","0","15:35:38"
"compass-AI","X_t06_e35_p80","部分","正常","中","否","否","0","15:35:39"
"compass-AI","X_t06_e40_p35","部分","异常","低","否","否","0","15:35:41"
"compass-AI","X_t06_e40_p80","部分","异常","低","否","否","0","15:35:43"
"compass-AI","X_t06_e44_p35","部分","异常","低","否","否","0","15:35:45"
"compass-AI","X_t06_e44_p80","部分","异常","低","否","否","0","15:35:47"
"compass-AI","X_t06_e49_p35","部分","异常","低","否","否","0","15:35:48"
"compass-AI","X_t06_e49_p80","部分","异常","低","否","否","0","15:35:50"
"compass-AI","X_t08_e01_p35","部分","正常","中","否","否","0","15:35:51"
"compass-AI","X_t08_e01_p80","部分","正常","中","否","否","0","15:35:52"
"compass-AI","X_t08_e06_p35","部分","正常","中","否","否","0","15:35:53"
"compass-AI","X_t08_e06_p80","部分","正常","中","否","否","0","15:35:54"
"compass-AI","X_t08_e08_p35","部分","正常","中","否","否","0","15:35:55"
"compass-AI","X_t08_e08_p80","部分","正常","中","否","否","0","15:35:56"
"compass-AI","X_t08_e13_p35","部分","正常","中","否","否","0","15:35:57"
"compass-AI","X_t08_e13_p80","部分","正常","中","否","否","0","15:35:58"
"compass-AI","X_t08_e17_p35","部分","正常","中","否","否","0","15:35:59"
"compass-AI","X_t08_e17_p80","部分","正常","中","否","否","0","15:36:00"
"compass-AI","X_t08_e21_p35","部分","正常","中","否","否","0","15:36:01"
"compass-AI","X_t08_e21_p80","部分","正常","中","否","否","0","15:36:03"
"compass-AI","X_t08_e22_p35","部分","正常","中","否","否","0","15:36:04"
"compass-AI","X_t08_e22_p80","部分","正常","中","否","否","0","15:36:05"
"compass-AI","X_t08_e27_p35","部分","正常","中","否","否","0","15:36:06"
"compass-AI","X_t08_e27_p80","部分","正常","中","否","否","0","15:36:07"
"compass-AI","X_t08_e38_p35","部分","正常","中","否","否","0","15:36:08"
"compass-AI","X_t08_e38_p80","部分","正常","中","否","否","0","15:36:09"
"compass-AI","X_t08_e47_p35","部分","正常","中","否","否","0","15:36:10"
"compass-AI","X_t08_e47_p80","部分","正常","中","否","否","0","15:36:11"
"compass-AI","X_t09_e02_p35","部分","正常","中","否","否","0","15:36:12"
"compass-AI","X_t09_e02_p80","部分","正常","中","否","否","0","15:36:13"
"compass-AI","X_t09_e04_p35","部分","正常","中","否","否","0","15:36:14"
"compass-AI","X_t09_e04_p80","部分","正常","中","否","否","0","15:36:15"
"compass-AI","X_t09_e06_p35","部分","正常","中","否","否","0","15:36:16"
"compass-AI","X_t09_e06_p80","部分","异常","低","否","是","0","15:36:17"
"compass-AI","X_t09_e09_p35","部分","正常","中","否","否","0","15:36:18"
"compass-AI","X_t09_e09_p80","部分","正常","中","否","否","0","15:36:19"
"compass-AI","X_t09_e11_p35","部分","异常","低","否","是","0","15:36:20"
"compass-AI","X_t09_e11_p80","部分","正常","中","否","否","0","15:36:21"
"compass-AI","X_t09_e18_p35","部分","正常","中","否","否","0","15:36:22"
"compass-AI","X_t09_e18_p80","部分","异常","低","否","否","0","15:36:24"
"compass-AI","X_t09_e23_p35","部分","正常","中","否","否","0","15:36:25"
"compass-AI","X_t09_e23_p80","部分","正常","中","否","否","0","15:36:26"
"compass-AI","X_t09_e25_p35","部分","正常","中","否","否","0","15:36:27"
"compass-AI","X_t09_e25_p80","部分","正常","中","否","否","0","15:36:28"
"compass-AI","X_t09_e30_p35","部分","正常","中","否","否","0","15:36:29"
"compass-AI","X_t09_e30_p80","部分","正常","中","否","否","0","15:36:30"
"compass-AI","X_t09_e45_p35","部分","正常","中","否","否","0","15:36:31"
"compass-AI","X_t09_e45_p80","部分","异常","低","否","否","0","15:36:33"
"compass-AI","Y_t00_e00_p35","部分","异常","低","否","否","0","15:36:34"
"compass-AI","Y_t00_e00_p80","部分","异常","低","否","否","0","15:36:37"
"compass-AI","Y_t00_e01_p35","部分","异常","低","否","否","0","15:36:39"
"compass-AI","Y_t00_e01_p80","部分","异常","低","否","否","0","15:36:40"
"compass-AI","Y_t00_e02_p35","部分","异常","低","否","否","0","15:36:42"
"compass-AI","Y_t00_e02_p80","部分","异常","低","否","否","0","15:36:44"
"compass-AI","Y_t00_e05_p35","部分","异常","低","否","否","0","15:36:46"
"compass-AI","Y_t00_e05_p80","部分","异常","低","否","否","0","15:36:47"
"compass-AI","Y_t00_e08_p35","部分","正常","中","否","否","0","15:36:48"
"compass-AI","Y_t00_e08_p80","部分","异常","低","否","否","0","15:36:50"
"compass-AI","Y_t00_e12_p35","部分","异常","低","否","否","0","15:36:52"
"compass-AI","Y_t00_e12_p80","部分","异常","低","否","否","0","15:36:54"
"compass-AI","Y_t00_e15_p35","部分","异常","低","否","否","0","15:36:56"
"compass-AI","Y_t00_e15_p80","部分","异常","低","否","否","0","15:36:57"
"compass-AI","Y_t00_e17_p35","部分","异常","低","否","否","0","15:36:59"
"compass-AI","Y_t00_e17_p80","部分","异常","低","否","否","0","15:37:01"
"compass-AI","Y_t00_e20_p35","部分","正常","中","否","否","0","15:37:02"
"compass-AI","Y_t00_e20_p80","部分","异常","低","否","否","0","15:37:04"
"compass-AI","Y_t00_e22_p35","部分","异常","低","否","否","0","15:37:05"
"compass-AI","Y_t00_e22_p80","部分","异常","低","否","否","0","15:37:07"
"compass-AI","Y_t00_e24_p35","部分","异常","低","否","否","0","15:37:10"
"compass-AI","Y_t00_e24_p80","部分","异常","低","否","否","0","15:37:11"
"compass-AI","Y_t00_e26_p35","部分","异常","低","否","否","0","15:37:13"
"compass-AI","Y_t00_e26_p80","部分","异常","低","否","否","0","15:37:15"
"compass-AI","Y_t00_e29_p35","部分","异常","低","否","否","0","15:37:17"
"compass-AI","Y_t00_e29_p80","部分","异常","低","否","否","0","15:37:19"
"compass-AI","Y_t00_e31_p35","部分","正常","中","否","否","0","15:37:20"
"compass-AI","Y_t00_e31_p80","部分","异常","低","否","否","0","15:37:21"
"compass-AI","Y_t00_e34_p35","部分","正常","中","否","否","0","15:37:22"
"compass-AI","Y_t00_e34_p80","部分","异常","低","否","否","0","15:37:24"
"compass-AI","Y_t00_e38_p35","部分","异常","低","否","否","0","15:37:26"
"compass-AI","Y_t00_e38_p80","部分","异常","低","否","否","0","15:37:28"
"compass-AI","Y_t00_e40_p35","部分","正常","中","否","否","0","15:37:29"
"compass-AI","Y_t00_e40_p80","部分","异常","低","否","否","0","15:37:30"
"compass-AI","Y_t00_e43_p35","部分","正常","中","否","否","0","15:37:31"
"compass-AI","Y_t00_e43_p80","部分","异常","低","否","否","0","15:37:33"
"compass-AI","Y_t00_e46_p35","部分","正常","中","否","否","0","15:37:34"
"compass-AI","Y_t00_e46_p80","部分","异常","低","否","否","0","15:37:36"
"compass-AI","Y_t01_e06_p35","部分","异常","低","否","否","0","15:37:38"
"compass-AI","Y_t01_e06_p80","部分","异常","低","否","否","0","15:37:40"
"compass-AI","Y_t01_e25_p35","部分","异常","低","否","否","0","15:37:42"
"compass-AI","Y_t01_e25_p80","部分","异常","低","否","否","0","15:37:44"
"compass-AI","Y_t01_e27_p35","部分","异常","低","否","否","0","15:37:45"
"compass-AI","Y_t01_e27_p80","部分","异常","低","否","否","0","15:37:47"
"compass-AI","Y_t01_e44_p35","部分","正常","中","否","否","0","15:37:48"
"compass-AI","Y_t01_e44_p80","部分","异常","低","否","否","0","15:37:50"
"compass-AI","Y_t02_e02_p35","部分","异常","低","否","否","0","15:37:52"
"compass-AI","Y_t02_e02_p80","部分","正常","中","否","否","0","15:37:53"
"compass-AI","Y_t02_e41_p35","部分","正常","中","否","否","0","15:37:54"
"compass-AI","Y_t02_e41_p80","部分","正常","中","否","否","0","15:37:55"
"compass-AI","Y_t02_e45_p35","部分","异常","低","否","否","0","15:37:57"
"compass-AI","Y_t02_e45_p80","部分","正常","中","否","否","0","15:37:59"
"compass-AI","Y_t03_e06_p35","部分","异常","低","否","是","0","15:38:00"
"compass-AI","Y_t03_e06_p80","部分","异常","低","否","是","0","15:38:01"
"compass-AI","Y_t03_e13_p35","部分","异常","低","否","是","0","15:38:02"
"compass-AI","Y_t03_e13_p80","部分","异常","低","否","是","0","15:38:03"
"compass-AI","Y_t03_e42_p35","部分","异常","低","否","否","0","15:38:04"
"compass-AI","Y_t03_e42_p80","部分","异常","低","否","是","0","15:38:05"
"compass-AI","Y_t03_e47_p35","部分","异常","低","否","是","0","15:38:06"
"compass-AI","Y_t03_e47_p80","部分","异常","低","否","是","0","15:38:07"
"compass-AI","Y_t05_e48_p35","部分","正常","中","否","否","0","15:38:08"
"compass-AI","Y_t05_e48_p80","部分","正常","中","否","否","0","15:38:09"
"compass-AI","Y_t06_e03_p35","部分","正常","中","否","否","0","15:38:10"
"compass-AI","Y_t06_e03_p80","部分","异常","低","否","否","0","15:38:12"
"compass-AI","Y_t06_e07_p35","部分","正常","中","否","否","0","15:38:13"
"compass-AI","Y_t06_e07_p80","部分","异常","低","否","否","0","15:38:15"
"compass-AI","Y_t06_e09_p35","部分","异常","低","否","否","0","15:38:17"
"compass-AI","Y_t06_e09_p80","部分","异常","低","否","否","0","15:38:19"
"compass-AI","Y_t06_e13_p35","部分","正常","中","否","否","0","15:38:20"
"compass-AI","Y_t06_e13_p80","部分","正常","中","否","否","0","15:38:21"
"compass-AI","Y_t06_e14_p35","部分","异常","低","否","否","0","15:38:22"
"compass-AI","Y_t06_e14_p80","部分","异常","低","否","否","0","15:38:24"
"compass-AI","Y_t06_e16_p35","部分","异常","低","否","否","0","15:38:26"
"compass-AI","Y_t06_e16_p80","部分","异常","低","否","否","0","15:38:28"
"compass-AI","Y_t06_e18_p35","部分","正常","中","否","否","0","15:38:29"
"compass-AI","Y_t06_e18_p80","部分","异常","低","否","否","0","15:38:30"
"compass-AI","Y_t06_e21_p35","部分","异常","低","否","否","0","15:38:32"
"compass-AI","Y_t06_e21_p80","部分","异常","低","否","否","0","15:38:34"
"compass-AI","Y_t06_e23_p35","部分","正常","中","否","否","0","15:38:35"
"compass-AI","Y_t06_e23_p80","部分","异常","低","否","否","0","15:38:37"
"compass-AI","Y_t06_e28_p35","部分","正常","中","否","否","0","15:38:38"
"compass-AI","Y_t06_e28_p80","部分","正常","中","否","否","0","15:38:39"
"compass-AI","Y_t06_e30_p35","部分","异常","低","否","否","0","15:38:40"
"compass-AI","Y_t06_e30_p80","部分","正常","中","否","否","0","15:38:41"
"compass-AI","Y_t06_e32_p35","部分","异常","低","否","否","0","15:38:43"
"compass-AI","Y_t06_e32_p80","部分","异常","低","否","否","0","15:38:45"
"compass-AI","Y_t06_e35_p35","部分","异常","低","否","否","0","15:38:47"
"compass-AI","Y_t06_e35_p80","部分","正常","中","否","否","0","15:38:48"
"compass-AI","Y_t06_e49_p35","部分","异常","低","否","否","0","15:38:50"
"compass-AI","Y_t06_e49_p80","部分","异常","低","否","否","0","15:38:52"
"compass-AI","Y_t08_e01_p35","部分","正常","中","否","否","0","15:38:53"
"compass-AI","Y_t08_e01_p80","部分","正常","中","否","否","0","15:38:54"
"compass-AI","Y_t08_e04_p35","部分","正常","中","否","否","0","15:38:55"
"compass-AI","Y_t08_e04_p80","部分","正常","中","否","否","0","15:38:56"
"compass-AI","Y_t08_e07_p35","部分","正常","中","否","否","0","15:38:57"
"compass-AI","Y_t08_e07_p80","部分","正常","中","否","否","0","15:38:58"
"compass-AI","Y_t08_e10_p35","部分","正常","中","否","否","0","15:38:59"
"compass-AI","Y_t08_e10_p80","部分","正常","中","否","否","0","15:39:00"
"compass-AI","Y_t08_e14_p35","部分","正常","中","否","否","0","15:39:01"
"compass-AI","Y_t08_e14_p80","部分","正常","中","否","否","0","15:39:02"
"compass-AI","Y_t08_e18_p35","部分","正常","中","否","否","0","15:39:03"
"compass-AI","Y_t08_e18_p80","部分","正常","中","否","否","0","15:39:04"
"compass-AI","Y_t08_e21_p35","部分","正常","中","否","否","0","15:39:05"
"compass-AI","Y_t08_e21_p80","部分","正常","中","否","否","0","15:39:06"
"compass-AI","Y_t08_e36_p35","部分","正常","中","否","否","0","15:39:07"
"compass-AI","Y_t08_e36_p80","部分","正常","中","否","否","0","15:39:08"
"compass-AI","Y_t08_e39_p35","部分","正常","中","否","否","0","15:39:09"
"compass-AI","Y_t08_e39_p80","部分","正常","中","否","否","0","15:39:10"
"compass-AI","Y_t09_e00_p35","部分","正常","中","否","否","0","15:39:11"
"compass-AI","Y_t09_e00_p80","部分","正常","中","否","否","0","15:39:12"
"compass-AI","Y_t09_e04_p35","部分","正常","中","否","否","0","15:39:13"
"compass-AI","Y_t09_e04_p80","部分","正常","中","否","否","0","15:39:14"
"compass-AI","Y_t09_e11_p35","部分","正常","中","否","否","0","15:39:15"
"compass-AI","Y_t09_e11_p80","部分","异常","低","否","是","0","15:39:16"
"compass-AI","Y_t09_e19_p35","部分","正常","中","否","否","0","15:39:17"
"compass-AI","Y_t09_e19_p80","部分","正常","中","否","否","0","15:39:18"
"compass-AI","Y_t09_e33_p35","部分","正常","中","否","否","0","15:39:19"
"compass-AI","Y_t09_e33_p80","部分","异常","低","否","否","0","15:39:21"
"compass-AI","Y_t09_e37_p35","部分","正常","中","否","否","0","15:39:22"
"compass-AI","Y_t09_e37_p80","部分","正常","中","否","否","0","15:39:23"
