﻿judge,id,dim1,dim2,dim3,pos,neg,timeout,ts

"compass-AI","H_t00_s00_p35","部分","无法判断","低","否","否","0","11:39:22"

"compass-AI","H_t00_s00_p80","部分","无法判断","低","否","否","0","11:39:23"

"compass-AI","H_t00_s01_p35","部分","无法判断","低","否","否","0","11:39:24"

"compass-AI","H_t00_s01_p80","部分","无法判断","低","否","否","0","11:39:25"

"compass-AI","H_t00_s02_p35","部分","无法判断","低","否","否","0","11:39:26"

"compass-AI","H_t00_s02_p80","部分","无法判断","低","否","否","0","11:39:27"

"compass-AI","H_t00_s03_p35","部分","无法判断","低","否","否","0","11:39:27"

"compass-AI","H_t00_s03_p80","部分","无法判断","低","否","否","0","11:39:28"

"compass-AI","H_t00_s04_p35","部分","无法判断","低","否","否","0","11:39:29"

"compass-AI","H_t00_s04_p80","部分","无法判断","低","否","否","0","11:39:30"

"compass-AI","H_t01_s05_p35","部分","无法判断","低","否","否","0","11:39:32"

"compass-AI","H_t01_s05_p80","部分","无法判断","低","否","否","0","11:39:34"

"compass-AI","H_t01_s06_p35","部分","无法判断","低","否","否","0","11:39:35"

"compass-AI","H_t01_s06_p80","部分","无法判断","低","否","否","0","11:39:37"

"compass-AI","H_t01_s07_p35","部分","无法判断","低","否","否","0","11:39:39"

"compass-AI","H_t01_s07_p80","部分","无法判断","低","否","否","0","11:39:41"

"compass-AI","H_t01_s08_p35","部分","无法判断","低","否","否","0","11:39:43"

"compass-AI","H_t01_s08_p80","部分","无法判断","低","否","否","0","11:39:45"

"compass-AI","H_t01_s09_p35","部分","无法判断","低","否","否","0","11:39:47"

"compass-AI","H_t01_s09_p80","部分","无法判断","低","否","否","0","11:39:49"

"compass-AI","H_t02_s10_p35","部分","无法判断","低","否","否","0","11:39:51"

"compass-AI","H_t02_s10_p80","部分","无法判断","低","否","否","0","11:39:53"

"compass-AI","H_t02_s11_p35","部分","无法判断","低","否","否","0","11:39:55"

"compass-AI","H_t02_s11_p80","部分","无法判断","低","否","否","0","11:39:56"

"compass-AI","H_t02_s12_p35","部分","无法判断","低","否","否","0","11:39:57"

"compass-AI","H_t02_s12_p80","部分","无法判断","低","否","否","0","11:39:58"

"compass-AI","H_t02_s13_p35","部分","无法判断","低","否","否","0","11:39:59"

"compass-AI","H_t02_s13_p80","部分","无法判断","低","否","否","0","11:40:00"

"compass-AI","H_t02_s14_p35","部分","无法判断","低","否","否","0","11:40:01"

"compass-AI","H_t02_s14_p80","部分","无法判断","低","否","否","0","11:40:02"

"compass-AI","H_t03_s15_p35","部分","无法判断","低","否","否","0","11:40:03"

"compass-AI","H_t03_s15_p80","部分","无法判断","低","否","否","0","11:40:03"

"compass-AI","H_t03_s16_p35","部分","无法判断","低","否","否","0","11:40:04"

"compass-AI","H_t03_s16_p80","部分","无法判断","低","否","否","0","11:40:05"

"compass-AI","H_t03_s17_p35","部分","无法判断","低","否","否","0","11:40:06"

"compass-AI","H_t03_s17_p80","部分","无法判断","低","否","否","0","11:40:07"

"compass-AI","H_t03_s18_p35","部分","无法判断","低","否","否","0","11:40:08"

"compass-AI","H_t03_s18_p80","部分","无法判断","低","否","否","0","11:40:10"

"compass-AI","H_t03_s19_p35","部分","无法判断","低","否","否","0","11:40:11"

"compass-AI","H_t03_s19_p80","部分","无法判断","低","否","否","0","11:40:14"

"compass-AI","H_t04_s20_p35","部分","无法判断","低","否","否","0","11:40:16"

"compass-AI","H_t04_s20_p80","部分","无法判断","低","否","否","0","11:40:18"

"compass-AI","H_t04_s21_p35","部分","无法判断","低","否","否","0","11:40:20"

"compass-AI","H_t04_s21_p80","部分","无法判断","低","否","否","0","11:40:21"

"compass-AI","H_t04_s22_p35","部分","无法判断","低","否","否","0","11:40:23"

"compass-AI","H_t04_s22_p80","部分","无法判断","低","否","否","0","11:40:25"

"compass-AI","H_t04_s23_p35","部分","无法判断","低","否","否","0","11:40:27"

"compass-AI","H_t04_s23_p80","部分","无法判断","低","否","否","0","11:40:29"

"compass-AI","H_t04_s24_p35","部分","无法判断","低","否","否","0","11:40:31"

"compass-AI","H_t04_s24_p80","部分","无法判断","低","否","否","0","11:40:33"

"compass-AI","H_t05_s25_p35","部分","无法判断","低","否","否","0","11:40:34"

"compass-AI","H_t05_s25_p80","部分","无法判断","低","否","否","0","11:40:35"

"compass-AI","H_t05_s26_p35","部分","无法判断","低","否","否","0","11:40:36"

"compass-AI","H_t05_s26_p80","部分","无法判断","低","否","否","0","11:40:36"

"compass-AI","H_t05_s27_p35","部分","无法判断","低","否","否","0","11:40:37"

"compass-AI","H_t05_s27_p80","部分","无法判断","低","否","否","0","11:40:38"

"compass-AI","H_t05_s28_p35","部分","无法判断","低","否","否","0","11:40:39"

"compass-AI","H_t05_s28_p80","部分","无法判断","低","否","否","0","11:40:40"

"compass-AI","H_t05_s29_p35","部分","无法判断","低","否","否","0","11:40:41"

"compass-AI","H_t05_s29_p80","部分","无法判断","低","否","否","0","11:40:41"

"compass-AI","H_t06_s30_p35","部分","无法判断","低","否","否","0","11:40:42"

"compass-AI","H_t06_s30_p80","部分","无法判断","低","否","否","0","11:40:44"

"compass-AI","H_t06_s31_p35","部分","无法判断","低","否","否","0","11:40:46"

"compass-AI","H_t06_s31_p80","部分","无法判断","低","否","否","0","11:40:48"

"compass-AI","H_t06_s32_p35","部分","无法判断","低","否","否","0","11:40:51"

"compass-AI","H_t06_s32_p80","部分","无法判断","低","否","否","0","11:40:54"

"compass-AI","H_t06_s33_p35","部分","无法判断","低","否","否","0","11:40:57"

"compass-AI","H_t06_s33_p80","部分","无法判断","低","否","否","0","11:40:58"

"compass-AI","H_t06_s34_p35","部分","无法判断","低","否","否","0","11:41:00"

"compass-AI","H_t06_s34_p80","部分","无法判断","低","否","否","0","11:41:01"

"compass-AI","H_t07_s35_p35","部分","无法判断","低","否","否","0","11:41:02"

"compass-AI","H_t07_s35_p80","部分","无法判断","低","否","否","0","11:41:03"

"compass-AI","H_t07_s36_p35","部分","无法判断","低","否","否","0","11:41:05"

"compass-AI","H_t07_s36_p80","部分","无法判断","低","否","否","0","11:41:06"

"compass-AI","H_t07_s37_p35","部分","无法判断","低","否","否","0","11:41:07"

"compass-AI","H_t07_s37_p80","部分","无法判断","低","否","否","0","11:41:08"

"compass-AI","H_t07_s38_p35","部分","无法判断","低","否","否","0","11:41:09"

"compass-AI","H_t07_s38_p80","部分","无法判断","低","否","否","0","11:41:10"

"compass-AI","H_t07_s39_p35","部分","无法判断","低","否","否","0","11:41:12"

"compass-AI","H_t07_s39_p80","部分","无法判断","低","否","否","0","11:41:13"

"compass-AI","H_t08_s40_p35","部分","无法判断","低","否","否","0","11:41:14"

"compass-AI","H_t08_s40_p80","部分","无法判断","低","否","否","0","11:41:15"

"compass-AI","H_t08_s41_p35","部分","无法判断","低","否","否","0","11:41:16"

"compass-AI","H_t08_s41_p80","部分","无法判断","低","否","否","0","11:41:17"

"compass-AI","H_t08_s42_p35","部分","无法判断","低","否","否","0","11:41:18"

"compass-AI","H_t08_s42_p80","部分","无法判断","低","否","否","0","11:41:19"

"compass-AI","H_t08_s43_p35","部分","无法判断","低","否","否","0","11:41:20"

"compass-AI","H_t08_s43_p80","部分","无法判断","低","否","否","0","11:41:21"

"compass-AI","H_t08_s44_p35","部分","无法判断","低","否","否","0","11:41:22"

"compass-AI","H_t08_s44_p80","部分","无法判断","低","否","否","0","11:41:22"

"compass-AI","H_t09_s45_p35","部分","无法判断","低","否","否","0","11:41:24"

"compass-AI","H_t09_s45_p80","部分","无法判断","低","否","否","0","11:41:25"

"compass-AI","H_t09_s46_p35","部分","无法判断","低","否","否","0","11:41:27"

"compass-AI","H_t09_s46_p80","部分","无法判断","低","否","否","0","11:41:29"

"compass-AI","H_t09_s47_p35","部分","无法判断","低","否","否","0","11:41:31"

"compass-AI","H_t09_s47_p80","部分","无法判断","低","否","否","0","11:41:33"

"compass-AI","H_t09_s48_p35","部分","无法判断","低","否","否","0","11:41:35"

"compass-AI","H_t09_s48_p80","部分","无法判断","低","否","否","0","11:41:37"

"compass-AI","H_t09_s49_p35","部分","无法判断","低","否","否","0","11:41:39"

"compass-AI","H_t09_s49_p80","部分","无法判断","低","否","否","0","11:41:41"

"compass-AI","Q_t00_s00_p35","部分","无法判断","低","否","否","0","11:41:43"

"compass-AI","Q_t00_s00_p80","部分","无法判断","低","否","否","0","11:41:44"

"compass-AI","Q_t00_s01_p35","部分","无法判断","低","否","否","0","11:41:45"

"compass-AI","Q_t00_s01_p80","部分","无法判断","低","否","否","0","11:41:46"

"compass-AI","Q_t00_s02_p35","部分","无法判断","低","否","否","0","11:41:48"

"compass-AI","Q_t00_s02_p80","部分","无法判断","低","否","否","0","11:41:49"

"compass-AI","Q_t00_s03_p35","部分","无法判断","低","否","否","0","11:41:50"

"compass-AI","Q_t00_s03_p80","部分","无法判断","低","否","否","0","11:41:51"

"compass-AI","Q_t00_s04_p35","部分","无法判断","低","否","否","0","11:41:53"

"compass-AI","Q_t00_s04_p80","部分","无法判断","低","否","否","0","11:41:54"

"compass-AI","Q_t01_s05_p35","部分","无法判断","低","否","否","0","11:41:55"

"compass-AI","Q_t01_s05_p80","部分","无法判断","低","否","否","0","11:41:56"

"compass-AI","Q_t01_s06_p35","部分","无法判断","低","否","否","0","11:41:57"

"compass-AI","Q_t01_s06_p80","部分","无法判断","低","否","否","0","11:41:58"

"compass-AI","Q_t01_s07_p35","部分","无法判断","低","否","否","0","11:41:59"

"compass-AI","Q_t01_s07_p80","部分","无法判断","低","否","否","0","11:42:00"

"compass-AI","Q_t01_s08_p35","部分","无法判断","低","否","否","0","11:42:01"

"compass-AI","Q_t01_s08_p80","部分","无法判断","低","否","否","0","11:42:02"

"compass-AI","Q_t01_s09_p35","部分","无法判断","低","否","否","0","11:42:02"

"compass-AI","Q_t01_s09_p80","部分","无法判断","低","否","否","0","11:42:03"

"compass-AI","Q_t02_s10_p35","部分","无法判断","低","否","否","0","11:42:04"

"compass-AI","Q_t02_s10_p80","部分","无法判断","低","否","否","0","11:42:05"

"compass-AI","Q_t02_s11_p35","部分","无法判断","低","否","否","0","11:42:06"

"compass-AI","Q_t02_s11_p80","部分","无法判断","低","否","否","0","11:42:06"

"compass-AI","Q_t02_s12_p35","部分","无法判断","低","否","否","0","11:42:07"

"compass-AI","Q_t02_s12_p80","部分","无法判断","低","否","否","0","11:42:08"

"compass-AI","Q_t02_s13_p35","部分","无法判断","低","否","否","0","11:42:09"

"compass-AI","Q_t02_s13_p80","部分","无法判断","低","否","否","0","11:42:10"

"compass-AI","Q_t02_s14_p35","部分","无法判断","低","否","否","0","11:42:11"

"compass-AI","Q_t02_s14_p80","部分","无法判断","低","否","否","0","11:42:11"

"compass-AI","Q_t03_s15_p35","部分","无法判断","低","否","否","0","11:42:13"

"compass-AI","Q_t03_s15_p80","部分","无法判断","低","否","否","0","11:42:15"

"compass-AI","Q_t03_s16_p35","部分","无法判断","低","否","否","0","11:42:17"

"compass-AI","Q_t03_s16_p80","部分","无法判断","低","否","否","0","11:42:20"

"compass-AI","Q_t03_s17_p35","部分","无法判断","低","否","否","0","11:42:21"

"compass-AI","Q_t03_s17_p80","部分","无法判断","低","否","否","0","11:42:23"

"compass-AI","Q_t03_s18_p35","部分","无法判断","低","否","否","0","11:42:25"

"compass-AI","Q_t03_s18_p80","部分","无法判断","低","否","否","0","11:42:27"

"compass-AI","Q_t03_s19_p35","部分","无法判断","低","否","否","0","11:42:29"

"compass-AI","Q_t03_s19_p80","部分","无法判断","低","否","否","0","11:42:31"

"compass-AI","Q_t04_s20_p35","部分","无法判断","低","否","否","0","11:42:32"

"compass-AI","Q_t04_s20_p80","部分","无法判断","低","否","否","0","11:42:34"

"compass-AI","Q_t04_s21_p35","部分","无法判断","低","否","否","0","11:42:35"

"compass-AI","Q_t04_s21_p80","部分","无法判断","低","否","否","0","11:42:36"

"compass-AI","Q_t04_s22_p35","部分","无法判断","低","否","否","0","11:42:37"

"compass-AI","Q_t04_s22_p80","部分","无法判断","低","否","否","0","11:42:39"

"compass-AI","Q_t04_s23_p35","部分","无法判断","低","否","否","0","11:42:40"

"compass-AI","Q_t04_s23_p80","部分","无法判断","低","否","否","0","11:42:41"

"compass-AI","Q_t04_s24_p35","部分","无法判断","低","否","否","0","11:42:42"

"compass-AI","Q_t04_s24_p80","部分","无法判断","低","否","否","0","11:42:43"

"compass-AI","Q_t05_s25_p35","部分","无法判断","低","否","否","0","11:42:44"

"compass-AI","Q_t05_s25_p80","部分","无法判断","低","否","否","0","11:42:45"

"compass-AI","Q_t05_s26_p35","部分","无法判断","低","否","否","0","11:42:45"

"compass-AI","Q_t05_s26_p80","部分","无法判断","低","否","否","0","11:42:46"

"compass-AI","Q_t05_s27_p35","部分","无法判断","低","否","否","0","11:42:47"

"compass-AI","Q_t05_s27_p80","部分","无法判断","低","否","否","0","11:42:48"

"compass-AI","Q_t05_s28_p35","部分","无法判断","低","否","否","0","11:42:49"

"compass-AI","Q_t05_s28_p80","部分","无法判断","低","否","否","0","11:42:50"

"compass-AI","Q_t05_s29_p35","部分","无法判断","低","否","否","0","11:42:50"

"compass-AI","Q_t05_s29_p80","部分","无法判断","低","否","否","0","11:42:51"

"compass-AI","Q_t06_s30_p35","部分","无法判断","低","否","否","0","11:42:52"

"compass-AI","Q_t06_s30_p80","部分","无法判断","低","否","否","0","11:42:53"

"compass-AI","Q_t06_s31_p35","部分","无法判断","低","否","否","0","11:42:53"

"compass-AI","Q_t06_s31_p80","部分","无法判断","低","否","否","0","11:42:54"

"compass-AI","Q_t06_s32_p35","部分","无法判断","低","否","否","0","11:42:55"

"compass-AI","Q_t06_s32_p80","部分","无法判断","低","否","否","0","11:42:57"

"compass-AI","Q_t06_s33_p35","部分","无法判断","低","否","否","0","11:42:58"

"compass-AI","Q_t06_s33_p80","部分","无法判断","低","否","否","0","11:43:00"

"compass-AI","Q_t06_s34_p35","部分","无法判断","低","否","否","0","11:43:02"

"compass-AI","Q_t06_s34_p80","部分","无法判断","低","否","否","0","11:43:04"

"compass-AI","Q_t07_s35_p35","部分","无法判断","低","否","否","0","11:43:06"

"compass-AI","Q_t07_s35_p80","部分","无法判断","低","否","否","0","11:43:08"

"compass-AI","Q_t07_s36_p35","部分","无法判断","低","否","否","0","11:43:10"

"compass-AI","Q_t07_s36_p80","部分","无法判断","低","否","否","0","11:43:13"

"compass-AI","Q_t07_s37_p35","部分","无法判断","低","否","否","0","11:43:14"

"compass-AI","Q_t07_s37_p80","部分","无法判断","低","否","否","0","11:43:15"

"compass-AI","Q_t07_s38_p35","部分","无法判断","低","否","否","0","11:43:17"

"compass-AI","Q_t07_s38_p80","部分","无法判断","低","否","否","0","11:43:19"

"compass-AI","Q_t07_s39_p35","部分","无法判断","低","否","否","0","11:43:20"

"compass-AI","Q_t07_s39_p80","部分","无法判断","低","否","否","0","11:43:22"

"compass-AI","Q_t08_s40_p35","部分","无法判断","低","否","否","0","11:43:23"

"compass-AI","Q_t08_s40_p80","部分","无法判断","低","否","否","0","11:43:25"

"compass-AI","Q_t08_s41_p35","部分","无法判断","低","否","否","0","11:43:28"

"compass-AI","Q_t08_s41_p80","部分","无法判断","低","否","否","0","11:43:29"

"compass-AI","Q_t08_s42_p35","部分","无法判断","低","否","否","0","11:43:29"

"compass-AI","Q_t08_s42_p80","部分","无法判断","低","否","否","0","11:43:30"

"compass-AI","Q_t08_s43_p35","部分","无法判断","低","否","否","0","11:43:31"

"compass-AI","Q_t08_s43_p80","部分","无法判断","低","否","否","0","11:43:33"

"compass-AI","Q_t08_s44_p35","部分","无法判断","低","否","否","0","11:43:34"

"compass-AI","Q_t08_s44_p80","部分","无法判断","低","否","否","0","11:43:35"

"compass-AI","Q_t09_s45_p35","部分","无法判断","低","否","否","0","11:43:36"

"compass-AI","Q_t09_s45_p80","部分","无法判断","低","否","否","0","11:43:37"

"compass-AI","Q_t09_s46_p35","部分","无法判断","低","否","否","0","11:43:38"

"compass-AI","Q_t09_s46_p80","部分","无法判断","低","否","否","0","11:43:39"

"compass-AI","Q_t09_s47_p35","部分","无法判断","低","否","否","0","11:43:39"

"compass-AI","Q_t09_s47_p80","部分","无法判断","低","否","否","0","11:43:40"

"compass-AI","Q_t09_s48_p35","部分","无法判断","低","否","否","0","11:43:41"

"compass-AI","Q_t09_s48_p80","部分","无法判断","低","否","否","0","11:43:42"

"compass-AI","Q_t09_s49_p35","部分","无法判断","低","否","否","0","11:43:43"

"compass-AI","Q_t09_s49_p80","部分","无法判断","低","否","否","0","11:43:44"

"compass-AI","W_t00_s00_p35","部分","无法判断","低","否","否","0","11:43:45"

"compass-AI","W_t00_s00_p80","部分","无法判断","低","否","否","0","11:43:46"

"compass-AI","W_t00_s01_p35","部分","无法判断","低","否","否","0","11:43:48"

"compass-AI","W_t00_s01_p80","部分","无法判断","低","否","否","0","11:43:49"

"compass-AI","W_t00_s02_p35","部分","无法判断","低","否","否","0","11:43:51"

"compass-AI","W_t00_s02_p80","部分","无法判断","低","否","否","0","11:43:53"

"compass-AI","W_t00_s03_p35","部分","无法判断","低","否","否","0","11:43:56"

"compass-AI","W_t00_s03_p80","部分","无法判断","低","否","否","0","11:43:58"

"compass-AI","W_t00_s04_p35","部分","无法判断","低","否","否","0","11:44:00"

"compass-AI","W_t00_s04_p80","部分","无法判断","低","否","否","0","11:44:02"

"compass-AI","W_t01_s05_p35","部分","无法判断","低","否","否","0","11:44:04"

"compass-AI","W_t01_s05_p80","部分","无法判断","低","否","否","0","11:44:06"

"compass-AI","W_t01_s06_p35","部分","无法判断","低","否","否","0","11:44:07"

"compass-AI","W_t01_s06_p80","部分","无法判断","低","否","否","0","11:44:08"

"compass-AI","W_t01_s07_p35","部分","无法判断","低","否","否","0","11:44:10"

"compass-AI","W_t01_s07_p80","部分","无法判断","低","否","否","0","11:44:11"

"compass-AI","W_t01_s08_p35","部分","无法判断","低","否","否","0","11:44:12"

"compass-AI","W_t01_s08_p80","部分","无法判断","低","否","否","0","11:44:13"

"compass-AI","W_t01_s09_p35","部分","无法判断","低","否","否","0","11:44:15"

"compass-AI","W_t01_s09_p80","部分","无法判断","低","否","否","0","11:44:16"

"compass-AI","W_t02_s10_p35","部分","无法判断","低","否","否","0","11:44:17"

"compass-AI","W_t02_s10_p80","部分","无法判断","低","否","否","0","11:44:18"

"compass-AI","W_t02_s11_p35","部分","无法判断","低","否","否","0","11:44:19"

"compass-AI","W_t02_s11_p80","部分","无法判断","低","否","否","0","11:44:21"

"compass-AI","W_t02_s12_p35","部分","无法判断","低","否","否","0","11:44:22"

"compass-AI","W_t02_s12_p80","部分","无法判断","低","否","否","0","11:44:23"

"compass-AI","W_t02_s13_p35","部分","无法判断","低","否","否","0","11:44:24"

"compass-AI","W_t02_s13_p80","部分","无法判断","低","否","否","0","11:44:25"

"compass-AI","W_t02_s14_p35","部分","无法判断","低","否","否","0","11:44:26"

"compass-AI","W_t02_s14_p80","部分","无法判断","低","否","否","0","11:44:27"

"compass-AI","W_t03_s15_p35","部分","无法判断","低","否","否","0","11:44:27"

"compass-AI","W_t03_s15_p80","部分","无法判断","低","否","否","0","11:44:28"

"compass-AI","W_t03_s16_p35","部分","无法判断","低","否","否","0","11:44:29"

"compass-AI","W_t03_s16_p80","部分","无法判断","低","否","否","0","11:44:30"

"compass-AI","W_t03_s17_p35","部分","无法判断","低","否","否","0","11:44:31"

"compass-AI","W_t03_s17_p80","部分","无法判断","低","否","否","0","11:44:32"

"compass-AI","W_t03_s18_p35","部分","无法判断","低","否","否","0","11:44:32"

"compass-AI","W_t03_s18_p80","部分","无法判断","低","否","否","0","11:44:33"

"compass-AI","W_t03_s19_p35","部分","无法判断","低","否","否","0","11:44:34"

"compass-AI","W_t03_s19_p80","部分","无法判断","低","否","否","0","11:44:35"

"compass-AI","W_t04_s20_p35","部分","无法判断","低","否","否","0","11:44:36"

"compass-AI","W_t04_s20_p80","部分","无法判断","低","否","否","0","11:44:36"

"compass-AI","W_t04_s21_p35","部分","无法判断","低","否","否","0","11:44:37"

"compass-AI","W_t04_s21_p80","部分","无法判断","低","否","否","0","11:44:38"

"compass-AI","W_t04_s22_p35","部分","无法判断","低","否","否","0","11:44:39"

"compass-AI","W_t04_s22_p80","部分","无法判断","低","否","否","0","11:44:40"

"compass-AI","W_t04_s23_p35","部分","无法判断","低","否","否","0","11:44:42"

"compass-AI","W_t04_s23_p80","部分","无法判断","低","否","否","0","11:44:44"

"compass-AI","W_t04_s24_p35","部分","无法判断","低","否","否","0","11:44:45"

"compass-AI","W_t04_s24_p80","部分","无法判断","低","否","否","0","11:44:48"

"compass-AI","W_t05_s25_p35","部分","无法判断","低","否","否","0","11:44:50"

"compass-AI","W_t05_s25_p80","部分","无法判断","低","否","否","0","11:44:52"

"compass-AI","W_t05_s26_p35","部分","无法判断","低","否","否","0","11:44:54"

"compass-AI","W_t05_s26_p80","部分","无法判断","低","否","否","0","11:44:56"

"compass-AI","W_t05_s27_p35","部分","无法判断","低","否","否","0","11:44:58"

"compass-AI","W_t05_s27_p80","部分","无法判断","低","否","否","0","11:45:00"

"compass-AI","W_t05_s28_p35","部分","无法判断","低","否","否","0","11:45:01"

"compass-AI","W_t05_s28_p80","部分","无法判断","低","否","否","0","11:45:02"

"compass-AI","W_t05_s29_p35","部分","无法判断","低","否","否","0","11:45:03"

"compass-AI","W_t05_s29_p80","部分","无法判断","低","否","否","0","11:45:05"

"compass-AI","W_t06_s30_p35","部分","无法判断","低","否","否","0","11:45:06"

"compass-AI","W_t06_s30_p80","部分","无法判断","低","否","否","0","11:45:07"

"compass-AI","W_t06_s31_p35","部分","无法判断","低","否","否","0","11:45:08"

"compass-AI","W_t06_s31_p80","部分","无法判断","低","否","否","0","11:45:09"

"compass-AI","W_t06_s32_p35","部分","无法判断","低","否","否","0","11:45:10"

"compass-AI","W_t06_s32_p80","部分","无法判断","低","否","否","0","11:45:12"

"compass-AI","W_t06_s33_p35","部分","无法判断","低","否","否","0","11:45:13"

"compass-AI","W_t06_s33_p80","部分","无法判断","低","否","否","0","11:45:13"

"compass-AI","W_t06_s34_p35","部分","无法判断","低","否","否","0","11:45:14"

"compass-AI","W_t06_s34_p80","部分","无法判断","低","否","否","0","11:45:15"

"compass-AI","W_t07_s35_p35","部分","无法判断","低","否","否","0","11:45:16"

"compass-AI","W_t07_s35_p80","部分","无法判断","低","否","否","0","11:45:17"

"compass-AI","W_t07_s36_p35","部分","无法判断","低","否","否","0","11:45:18"

"compass-AI","W_t07_s36_p80","部分","无法判断","低","否","否","0","11:45:19"

"compass-AI","W_t07_s37_p35","部分","无法判断","低","否","否","0","11:45:20"

"compass-AI","W_t07_s37_p80","部分","无法判断","低","否","否","0","11:45:20"

"compass-AI","W_t07_s38_p35","部分","无法判断","低","否","否","0","11:45:21"

"compass-AI","W_t07_s38_p80","部分","无法判断","低","否","否","0","11:45:22"

"compass-AI","W_t07_s39_p35","部分","无法判断","低","否","否","0","11:45:23"

"compass-AI","W_t07_s39_p80","部分","无法判断","低","否","否","0","11:45:24"

"compass-AI","W_t08_s40_p35","部分","无法判断","低","否","否","0","11:45:24"

"compass-AI","W_t08_s40_p80","部分","无法判断","低","否","否","0","11:45:26"

"compass-AI","W_t08_s41_p35","部分","无法判断","低","否","否","0","11:45:28"

"compass-AI","W_t08_s41_p80","部分","无法判断","低","否","否","0","11:45:31"

"compass-AI","W_t08_s42_p35","部分","无法判断","低","否","否","0","11:45:33"

"compass-AI","W_t08_s42_p80","部分","无法判断","低","否","否","0","11:45:35"

"compass-AI","W_t08_s43_p35","部分","无法判断","低","否","否","0","11:45:37"

"compass-AI","W_t08_s43_p80","部分","无法判断","低","否","否","0","11:45:40"

"compass-AI","W_t08_s44_p35","部分","无法判断","低","否","否","0","11:45:42"

"compass-AI","W_t08_s44_p80","部分","无法判断","低","否","否","0","11:45:44"

"compass-AI","W_t09_s45_p35","部分","无法判断","低","否","否","0","11:45:45"

"compass-AI","W_t09_s45_p80","部分","无法判断","低","否","否","0","11:45:47"

"compass-AI","W_t09_s46_p35","部分","无法判断","低","否","否","0","11:45:48"

"compass-AI","W_t09_s46_p80","部分","无法判断","低","否","否","0","11:45:49"

"compass-AI","W_t09_s47_p35","部分","无法判断","低","否","否","0","11:45:50"

"compass-AI","W_t09_s47_p80","部分","无法判断","低","否","否","0","11:45:50"

"compass-AI","W_t09_s48_p35","部分","无法判断","低","否","否","0","11:45:51"

"compass-AI","W_t09_s48_p80","部分","无法判断","低","否","否","0","11:45:52"

"compass-AI","W_t09_s49_p35","部分","无法判断","低","否","否","0","11:45:53"

"compass-AI","W_t09_s49_p80","部分","无法判断","低","否","否","0","11:45:55"

"compass-AI","X_t00_s00_p35","部分","无法判断","低","否","否","0","11:45:57"

"compass-AI","X_t00_s00_p80","部分","无法判断","低","否","否","0","11:45:59"

"compass-AI","X_t00_s01_p35","部分","无法判断","低","否","否","0","11:46:01"

"compass-AI","X_t00_s01_p80","部分","无法判断","低","否","否","0","11:46:04"

"compass-AI","X_t00_s02_p35","部分","无法判断","低","否","否","0","11:46:06"

"compass-AI","X_t00_s02_p80","部分","无法判断","低","否","否","0","11:46:08"

"compass-AI","X_t00_s03_p35","部分","无法判断","低","否","否","0","11:46:10"

"compass-AI","X_t00_s03_p80","部分","无法判断","低","否","否","0","11:46:12"

"compass-AI","X_t00_s04_p35","部分","无法判断","低","否","否","0","11:46:13"

"compass-AI","X_t00_s04_p80","部分","无法判断","低","否","否","0","11:46:14"

"compass-AI","X_t01_s05_p35","部分","无法判断","低","否","否","0","11:46:15"

"compass-AI","X_t01_s05_p80","部分","无法判断","低","否","否","0","11:46:17"

"compass-AI","X_t01_s06_p35","部分","无法判断","低","否","否","0","11:46:18"

"compass-AI","X_t01_s06_p80","部分","无法判断","低","否","否","0","11:46:19"

"compass-AI","X_t01_s07_p35","部分","无法判断","低","否","否","0","11:46:19"

"compass-AI","X_t01_s07_p80","部分","无法判断","低","否","否","0","11:46:20"

"compass-AI","X_t01_s08_p35","部分","无法判断","低","否","否","0","11:46:21"

"compass-AI","X_t01_s08_p80","部分","无法判断","低","否","否","0","11:46:22"

"compass-AI","X_t01_s09_p35","部分","无法判断","低","否","否","0","11:46:23"

"compass-AI","X_t01_s09_p80","部分","无法判断","低","否","否","0","11:46:23"

"compass-AI","X_t02_s10_p35","部分","无法判断","低","否","否","0","11:46:24"

"compass-AI","X_t02_s10_p80","部分","无法判断","低","否","否","0","11:46:25"

"compass-AI","X_t02_s11_p35","部分","无法判断","低","否","否","0","11:46:27"

"compass-AI","X_t02_s11_p80","部分","无法判断","低","否","否","0","11:46:28"

"compass-AI","X_t02_s12_p35","部分","无法判断","低","否","否","0","11:46:30"

"compass-AI","X_t02_s12_p80","部分","无法判断","低","否","否","0","11:46:32"

"compass-AI","X_t02_s13_p35","部分","无法判断","低","否","否","0","11:46:35"

"compass-AI","X_t02_s13_p80","部分","无法判断","低","否","否","0","11:46:37"

"compass-AI","X_t02_s14_p35","部分","无法判断","低","否","否","0","11:46:39"

"compass-AI","X_t02_s14_p80","部分","无法判断","低","否","否","0","11:46:42"

"compass-AI","X_t03_s15_p35","部分","无法判断","低","否","否","0","11:46:44"

"compass-AI","X_t03_s15_p80","部分","无法判断","低","否","否","0","11:46:46"

"compass-AI","X_t03_s16_p35","部分","无法判断","低","否","否","0","11:46:47"

"compass-AI","X_t03_s16_p80","部分","无法判断","低","否","否","0","11:46:49"

"compass-AI","X_t03_s17_p35","部分","无法判断","低","否","否","0","11:46:50"

"compass-AI","X_t03_s17_p80","部分","无法判断","低","否","否","0","11:46:51"

"compass-AI","X_t03_s18_p35","部分","无法判断","低","否","否","0","11:46:52"

"compass-AI","X_t03_s18_p80","部分","无法判断","低","否","否","0","11:46:53"

"compass-AI","X_t03_s19_p35","部分","无法判断","低","否","否","0","11:46:54"

"compass-AI","X_t03_s19_p80","部分","无法判断","低","否","否","0","11:46:55"

"compass-AI","X_t04_s20_p35","部分","无法判断","低","否","否","0","11:46:56"

"compass-AI","X_t04_s20_p80","部分","无法判断","低","否","否","0","11:46:57"

"compass-AI","X_t04_s21_p35","部分","无法判断","低","否","否","0","11:46:58"

"compass-AI","X_t04_s21_p80","部分","无法判断","低","否","否","0","11:46:58"

"compass-AI","X_t04_s22_p35","部分","无法判断","低","否","否","0","11:46:59"

"compass-AI","X_t04_s22_p80","部分","无法判断","低","否","否","0","11:47:00"

"compass-AI","X_t04_s23_p35","部分","无法判断","低","否","否","0","11:47:01"

"compass-AI","X_t04_s23_p80","部分","无法判断","低","否","否","0","11:47:02"

"compass-AI","X_t04_s24_p35","部分","无法判断","低","否","否","0","11:47:03"

"compass-AI","X_t04_s24_p80","部分","无法判断","低","否","否","0","11:47:04"

"compass-AI","X_t05_s25_p35","部分","无法判断","低","否","否","0","11:47:06"

"compass-AI","X_t05_s25_p80","部分","无法判断","低","否","否","0","11:47:09"

"compass-AI","X_t05_s26_p35","部分","无法判断","低","否","否","0","11:47:12"

"compass-AI","X_t05_s26_p80","部分","无法判断","低","否","否","0","11:47:15"

"compass-AI","X_t05_s27_p35","部分","无法判断","低","否","否","0","11:47:16"

"compass-AI","X_t05_s27_p80","部分","无法判断","低","否","否","0","11:47:18"

"compass-AI","X_t05_s28_p35","部分","无法判断","低","否","否","0","11:47:20"

"compass-AI","X_t05_s28_p80","部分","无法判断","低","否","否","0","11:47:22"

"compass-AI","X_t05_s29_p35","部分","无法判断","低","否","否","0","11:47:23"

"compass-AI","X_t05_s29_p80","部分","无法判断","低","否","否","0","11:47:25"

"compass-AI","X_t06_s30_p35","部分","无法判断","低","否","否","0","11:47:26"

"compass-AI","X_t06_s30_p80","部分","无法判断","低","否","否","0","11:47:27"

"compass-AI","X_t06_s31_p35","部分","无法判断","低","否","否","0","11:47:28"

"compass-AI","X_t06_s31_p80","部分","无法判断","低","否","否","0","11:47:29"

"compass-AI","X_t06_s32_p35","部分","无法判断","低","否","否","0","11:47:30"

"compass-AI","X_t06_s32_p80","部分","无法判断","低","否","否","0","11:47:31"

"compass-AI","X_t06_s33_p35","部分","无法判断","低","否","否","0","11:47:32"

"compass-AI","X_t06_s33_p80","部分","无法判断","低","否","否","0","11:47:33"

"compass-AI","X_t06_s34_p35","部分","无法判断","低","否","否","0","11:47:33"

"compass-AI","X_t06_s34_p80","部分","无法判断","低","否","否","0","11:47:34"

"compass-AI","X_t07_s35_p35","部分","无法判断","低","否","否","0","11:47:35"

"compass-AI","X_t07_s35_p80","部分","无法判断","低","否","否","0","11:47:36"

"compass-AI","X_t07_s36_p35","部分","无法判断","低","否","否","0","11:47:37"

"compass-AI","X_t07_s36_p80","部分","无法判断","低","否","否","0","11:47:38"

"compass-AI","X_t07_s37_p35","部分","无法判断","低","否","否","0","11:47:38"

"compass-AI","X_t07_s37_p80","部分","无法判断","低","否","否","0","11:47:39"

"compass-AI","X_t07_s38_p35","部分","无法判断","低","否","否","0","11:47:40"

"compass-AI","X_t07_s38_p80","部分","无法判断","低","否","否","0","11:47:41"

"compass-AI","X_t07_s39_p35","部分","无法判断","低","否","否","0","11:47:43"

"compass-AI","X_t07_s39_p80","部分","无法判断","低","否","否","0","11:47:45"

"compass-AI","X_t08_s40_p35","部分","无法判断","低","否","否","0","11:47:47"

"compass-AI","X_t08_s40_p80","部分","无法判断","低","否","否","0","11:47:49"

"compass-AI","X_t08_s41_p35","部分","无法判断","低","否","否","0","11:47:51"

"compass-AI","X_t08_s41_p80","部分","无法判断","低","否","否","0","11:47:54"

"compass-AI","X_t08_s42_p35","部分","无法判断","低","否","否","0","11:47:56"

"compass-AI","X_t08_s42_p80","部分","无法判断","低","否","否","0","11:47:58"

"compass-AI","X_t08_s43_p35","部分","无法判断","低","否","否","0","11:48:00"

"compass-AI","X_t08_s43_p80","部分","无法判断","低","否","否","0","11:48:02"

"compass-AI","X_t08_s44_p35","部分","无法判断","低","否","否","0","11:48:04"

"compass-AI","X_t08_s44_p80","部分","无法判断","低","否","否","0","11:48:05"

"compass-AI","X_t09_s45_p35","部分","无法判断","低","否","否","0","11:48:07"

"compass-AI","X_t09_s45_p80","部分","无法判断","低","否","否","0","11:48:08"

"compass-AI","X_t09_s46_p35","部分","无法判断","低","否","否","0","11:48:09"

"compass-AI","X_t09_s46_p80","部分","无法判断","低","否","否","0","11:48:10"

"compass-AI","X_t09_s47_p35","部分","无法判断","低","否","否","0","11:48:11"

"compass-AI","X_t09_s47_p80","部分","无法判断","低","否","否","0","11:48:12"

"compass-AI","X_t09_s48_p35","部分","无法判断","低","否","否","0","11:48:13"

"compass-AI","X_t09_s48_p80","部分","无法判断","低","否","否","0","11:48:14"

"compass-AI","X_t09_s49_p35","部分","无法判断","低","否","否","0","11:48:15"

"compass-AI","X_t09_s49_p80","部分","无法判断","低","否","否","0","11:48:15"


