judge,id,dim1,dim2,dim3,pos,neg,timeout,ts
"compass-AI","K_t00_e00_p35","部分","正常","中","否","否","0","11:51:31"
"compass-AI","K_t00_e00_p80","部分","正常","中","否","否","0","11:51:33"
"compass-AI","K_t00_e01_p35","部分","正常","中","否","否","0","11:51:36"
"compass-AI","K_t00_e01_p80","部分","正常","中","否","否","0","11:51:38"
"compass-AI","K_t00_e03_p35","部分","正常","中","否","否","0","11:51:40"
"compass-AI","K_t00_e03_p80","部分","正常","中","否","否","0","11:51:42"
"compass-AI","K_t00_e05_p35","部分","异常","低","否","否","0","11:51:44"
"compass-AI","K_t00_e05_p80","部分","正常","中","否","否","0","11:51:45"
"compass-AI","K_t00_e07_p35","部分","正常","中","否","否","0","11:51:47"
"compass-AI","K_t00_e07_p80","部分","正常","中","否","否","0","11:51:48"
"compass-AI","K_t00_e09_p35","部分","异常","低","否","否","0","11:51:49"
"compass-AI","K_t00_e09_p80","部分","正常","中","否","否","0","11:51:50"
"compass-AI","K_t00_e12_p35","部分","正常","中","否","否","0","11:51:51"
"compass-AI","K_t00_e12_p80","部分","正常","中","否","否","0","11:51:52"
"compass-AI","K_t00_e14_p35","部分","异常","低","否","否","0","11:51:53"
"compass-AI","K_t00_e14_p80","部分","正常","中","否","否","0","11:51:53"
"compass-AI","K_t00_e15_p35","部分","正常","中","否","否","0","11:51:54"
"compass-AI","K_t00_e15_p80","部分","正常","中","否","否","0","11:51:55"
"compass-AI","K_t00_e17_p35","部分","正常","中","否","否","0","11:51:56"
"compass-AI","K_t00_e17_p80","部分","正常","中","否","否","0","11:51:57"
"compass-AI","K_t00_e18_p35","部分","正常","中","否","否","0","11:51:58"
"compass-AI","K_t00_e18_p80","部分","正常","中","否","否","0","11:51:59"
"compass-AI","K_t00_e21_p35","部分","异常","低","否","否","0","11:52:00"
"compass-AI","K_t00_e21_p80","部分","异常","低","否","否","0","11:52:02"
"compass-AI","K_t00_e22_p35","部分","正常","中","否","否","0","11:52:04"
"compass-AI","K_t00_e22_p80","部分","正常","中","否","否","0","11:52:07"
"compass-AI","K_t00_e24_p35","部分","正常","中","否","否","0","11:52:09"
"compass-AI","K_t00_e24_p80","部分","正常","中","否","否","0","11:52:12"
"compass-AI","K_t00_e26_p35","部分","异常","低","否","否","0","11:52:15"
"compass-AI","K_t00_e26_p80","部分","正常","中","否","否","0","11:52:17"
"compass-AI","K_t00_e29_p35","部分","正常","中","否","否","0","11:52:18"
"compass-AI","K_t00_e29_p80","部分","正常","中","否","否","0","11:52:20"
"compass-AI","K_t00_e31_p35","部分","异常","低","否","否","0","11:52:21"
"compass-AI","K_t00_e31_p80","部分","正常","中","否","否","0","11:52:22"
"compass-AI","K_t00_e34_p35","部分","正常","中","否","否","0","11:52:23"
"compass-AI","K_t00_e34_p80","部分","正常","中","否","否","0","11:52:24"
"compass-AI","K_t00_e36_p35","部分","正常","中","否","否","0","11:52:25"
"compass-AI","K_t00_e36_p80","部分","正常","中","否","否","0","11:52:26"
"compass-AI","K_t00_e38_p35","部分","正常","中","否","否","0","11:52:27"
"compass-AI","K_t00_e38_p80","部分","正常","中","否","否","0","11:52:28"
"compass-AI","K_t00_e41_p35","部分","正常","中","否","否","0","11:52:29"
"compass-AI","K_t00_e41_p80","部分","正常","中","否","否","0","11:52:29"
"compass-AI","K_t00_e43_p35","部分","正常","中","否","否","0","11:52:30"
"compass-AI","K_t00_e43_p80","部分","正常","中","否","否","0","11:52:31"
"compass-AI","K_t00_e46_p35","部分","正常","中","否","否","0","11:52:32"
"compass-AI","K_t00_e46_p80","部分","正常","中","否","否","0","11:52:33"
"compass-AI","K_t00_e49_p35","部分","正常","中","否","否","0","11:52:33"
"compass-AI","K_t00_e49_p80","部分","正常","中","否","否","0","11:52:34"
"compass-AI","K_t01_e04_p35","部分","正常","中","否","否","0","11:52:35"
"compass-AI","K_t01_e04_p80","部分","正常","中","否","否","0","11:52:37"
"compass-AI","K_t01_e06_p35","部分","正常","中","否","否","0","11:52:39"
"compass-AI","K_t01_e06_p80","部分","正常","中","否","否","0","11:52:41"
"compass-AI","K_t01_e16_p35","部分","正常","中","否","否","0","11:52:43"
"compass-AI","K_t01_e16_p80","部分","正常","中","否","否","0","11:52:44"
"compass-AI","K_t02_e07_p35","部分","异常","低","否","否","0","11:52:47"
"compass-AI","K_t02_e07_p80","部分","正常","中","否","否","0","11:52:49"
"compass-AI","K_t03_e06_p35","部分","异常","低","否","否","0","11:52:51"
"compass-AI","K_t03_e06_p80","部分","异常","低","否","否","0","11:52:53"
"compass-AI","K_t03_e19_p35","部分","异常","低","否","否","0","11:52:55"
"compass-AI","K_t03_e19_p80","部分","异常","低","否","否","0","11:52:56"
"compass-AI","K_t04_e02_p35","部分","正常","中","否","否","0","11:52:58"
"compass-AI","K_t04_e02_p80","部分","正常","中","否","否","0","11:52:59"
"compass-AI","K_t04_e15_p35","部分","正常","中","否","否","0","11:53:00"
"compass-AI","K_t04_e15_p80","部分","正常","中","否","否","0","11:53:02"
"compass-AI","K_t04_e23_p35","部分","正常","中","否","否","0","11:53:03"
"compass-AI","K_t04_e23_p80","部分","正常","中","否","否","0","11:53:04"
"compass-AI","K_t04_e27_p35","部分","正常","中","否","否","0","11:53:05"
"compass-AI","K_t04_e27_p80","部分","正常","中","否","否","0","11:53:05"
"compass-AI","K_t05_e10_p35","部分","正常","中","否","否","0","11:53:06"
"compass-AI","K_t05_e10_p80","部分","正常","中","否","否","0","11:53:07"
"compass-AI","K_t06_e04_p35","部分","正常","中","否","否","0","11:53:08"
"compass-AI","K_t06_e04_p80","部分","正常","中","否","否","0","11:53:09"
"compass-AI","K_t06_e08_p35","部分","正常","中","否","否","0","11:53:09"
"compass-AI","K_t06_e08_p80","部分","正常","中","否","否","0","11:53:10"
"compass-AI","K_t06_e11_p35","部分","正常","中","否","否","0","11:53:11"
"compass-AI","K_t06_e11_p80","部分","正常","中","否","否","0","11:53:12"
"compass-AI","K_t06_e13_p35","部分","正常","中","否","否","0","11:53:13"
"compass-AI","K_t06_e13_p80","部分","正常","中","否","否","0","11:53:13"
"compass-AI","K_t06_e16_p35","部分","正常","中","否","否","0","11:53:14"
"compass-AI","K_t06_e16_p80","部分","正常","中","否","否","0","11:53:15"
"compass-AI","K_t06_e20_p35","部分","正常","中","否","否","0","11:53:16"
"compass-AI","K_t06_e20_p80","部分","正常","中","否","否","0","11:53:17"
"compass-AI","K_t06_e22_p35","部分","正常","中","否","否","0","11:53:19"
"compass-AI","K_t06_e22_p80","部分","正常","中","否","否","0","11:53:20"
"compass-AI","K_t06_e28_p35","部分","正常","中","否","否","0","11:53:22"
"compass-AI","K_t06_e28_p80","部分","正常","中","否","否","0","11:53:24"
"compass-AI","K_t06_e30_p35","部分","正常","中","否","否","0","11:53:27"
"compass-AI","K_t06_e30_p80","部分","正常","中","否","否","0","11:53:30"
"compass-AI","K_t06_e32_p35","部分","正常","中","否","否","0","11:53:31"
"compass-AI","K_t06_e32_p80","部分","正常","中","否","否","0","11:53:33"
"compass-AI","K_t06_e35_p35","部分","正常","中","否","否","0","11:53:35"
"compass-AI","K_t06_e35_p80","部分","正常","中","否","否","0","11:53:37"
"compass-AI","K_t06_e39_p35","部分","正常","中","否","否","0","11:53:38"
"compass-AI","K_t06_e39_p80","部分","正常","中","否","否","0","11:53:39"
"compass-AI","K_t06_e42_p35","部分","正常","中","否","否","0","11:53:41"
"compass-AI","K_t06_e42_p80","部分","正常","中","否","否","0","11:53:42"
"compass-AI","K_t06_e44_p35","部分","正常","中","否","否","0","11:53:43"
"compass-AI","K_t06_e44_p80","部分","正常","中","否","否","0","11:53:44"
"compass-AI","K_t06_e47_p35","部分","正常","中","否","否","0","11:53:45"
"compass-AI","K_t06_e47_p80","部分","正常","中","否","否","0","11:53:46"
"compass-AI","K_t08_e02_p35","部分","正常","中","否","否","0","11:53:47"
"compass-AI","K_t08_e02_p80","部分","正常","中","否","否","0","11:53:48"
"compass-AI","K_t08_e08_p35","部分","正常","中","否","否","0","11:53:49"
"compass-AI","K_t08_e08_p80","部分","正常","中","否","否","0","11:53:50"
"compass-AI","K_t08_e12_p35","部分","正常","中","否","否","0","11:53:50"
"compass-AI","K_t08_e12_p80","部分","正常","中","否","否","0","11:53:51"
"compass-AI","K_t08_e21_p35","部分","正常","中","否","否","0","11:53:52"
"compass-AI","K_t08_e21_p80","部分","正常","中","否","否","0","11:53:53"
"compass-AI","K_t08_e23_p35","部分","正常","中","否","否","0","11:53:53"
"compass-AI","K_t08_e23_p80","部分","正常","中","否","否","0","11:53:54"
"compass-AI","K_t08_e25_p35","部分","正常","中","否","否","0","11:53:55"
"compass-AI","K_t08_e25_p80","部分","正常","中","否","否","0","11:53:56"
"compass-AI","K_t08_e37_p35","部分","正常","中","否","否","0","11:53:57"
"compass-AI","K_t08_e37_p80","部分","正常","中","否","否","0","11:53:57"
"compass-AI","K_t08_e40_p35","部分","正常","中","否","否","0","11:53:58"
"compass-AI","K_t08_e40_p80","部分","正常","中","否","否","0","11:53:59"
"compass-AI","K_t08_e48_p35","部分","正常","中","否","否","0","11:54:00"
"compass-AI","K_t08_e48_p80","部分","正常","中","否","否","0","11:54:00"
"compass-AI","K_t09_e00_p35","部分","正常","中","否","否","0","11:54:01"
"compass-AI","K_t09_e00_p80","部分","正常","中","否","否","0","11:54:02"
"compass-AI","K_t09_e11_p35","部分","正常","中","否","否","0","11:54:03"
"compass-AI","K_t09_e11_p80","部分","正常","中","否","否","0","11:54:04"
"compass-AI","K_t09_e13_p35","部分","正常","中","否","否","0","11:54:05"
"compass-AI","K_t09_e13_p80","部分","正常","中","否","否","0","11:54:07"
"compass-AI","K_t09_e33_p35","部分","正常","中","否","否","0","11:54:09"
"compass-AI","K_t09_e33_p80","部分","正常","中","否","否","0","11:54:11"
"compass-AI","K_t09_e45_p35","部分","正常","中","否","否","0","11:54:13"
"compass-AI","K_t09_e45_p80","部分","正常","中","否","否","0","11:54:15"
"compass-AI","M_t00_e14_p35","部分","异常","低","否","否","0","11:54:17"
"compass-AI","M_t00_e14_p80","部分","正常","中","否","否","0","11:54:19"
"compass-AI","M_t00_e41_p35","部分","正常","中","否","否","0","11:54:21"
"compass-AI","M_t00_e41_p80","部分","正常","中","否","否","0","11:54:23"
"compass-AI","M_t00_e49_p35","部分","正常","中","否","否","0","11:54:24"
"compass-AI","M_t00_e49_p80","部分","正常","中","否","否","0","11:54:25"
"compass-AI","M_t02_e06_p35","部分","异常","低","否","否","0","11:54:26"
"compass-AI","M_t02_e06_p80","部分","正常","中","否","否","0","11:54:27"
"compass-AI","M_t02_e33_p35","部分","异常","低","否","否","0","11:54:28"
"compass-AI","M_t02_e33_p80","部分","异常","低","否","否","0","11:54:29"
"compass-AI","M_t03_e17_p35","部分","异常","低","否","否","0","11:54:30"
"compass-AI","M_t03_e17_p80","部分","异常","低","否","否","0","11:54:31"
"compass-AI","M_t04_e15_p35","部分","正常","中","否","否","0","11:54:32"
"compass-AI","M_t04_e15_p80","部分","正常","中","否","否","0","11:54:33"
"compass-AI","M_t04_e31_p35","部分","正常","中","否","否","0","11:54:34"
"compass-AI","M_t04_e31_p80","部分","正常","中","否","否","0","11:54:35"
"compass-AI","M_t04_e34_p35","部分","正常","中","否","否","0","11:54:36"
"compass-AI","M_t04_e34_p80","部分","正常","中","否","否","0","11:54:37"
"compass-AI","M_t04_e38_p35","部分","正常","中","否","否","0","11:54:38"
"compass-AI","M_t04_e38_p80","部分","正常","中","否","否","0","11:54:39"
"compass-AI","M_t04_e45_p35","部分","正常","中","否","否","0","11:54:40"
"compass-AI","M_t04_e45_p80","部分","正常","中","否","否","0","11:54:41"
"compass-AI","M_t05_e03_p35","部分","正常","中","否","否","0","11:54:42"
"compass-AI","M_t05_e03_p80","部分","正常","中","否","否","0","11:54:42"
"compass-AI","M_t05_e20_p35","部分","正常","中","否","否","0","11:54:43"
"compass-AI","M_t05_e20_p80","部分","正常","中","否","否","0","11:54:44"
"compass-AI","M_t05_e46_p35","部分","正常","中","否","否","0","11:54:45"
"compass-AI","M_t05_e46_p80","部分","正常","中","否","否","0","11:54:46"
"compass-AI","M_t06_e01_p35","部分","正常","中","否","否","0","11:54:47"
"compass-AI","M_t06_e01_p80","部分","正常","中","否","否","0","11:54:48"
"compass-AI","M_t06_e09_p35","部分","正常","中","否","否","0","11:54:48"
"compass-AI","M_t06_e09_p80","部分","正常","中","否","否","0","11:54:49"
"compass-AI","M_t06_e23_p35","部分","正常","中","否","否","0","11:54:50"
"compass-AI","M_t06_e23_p80","部分","正常","中","否","否","0","11:54:51"
"compass-AI","M_t06_e27_p35","部分","正常","中","否","否","0","11:54:52"
"compass-AI","M_t06_e27_p80","部分","正常","中","否","否","0","11:54:54"
"compass-AI","M_t06_e36_p35","部分","正常","中","否","否","0","11:54:56"
"compass-AI","M_t06_e36_p80","部分","正常","中","否","否","0","11:54:58"
"compass-AI","M_t06_e43_p35","部分","正常","中","否","否","0","11:55:00"
"compass-AI","M_t06_e43_p80","部分","正常","中","否","否","0","11:55:02"
"compass-AI","M_t07_e24_p35","部分","正常","中","否","否","0","11:55:04"
"compass-AI","M_t07_e24_p80","部分","正常","中","否","否","0","11:55:06"
"compass-AI","M_t08_e00_p35","部分","正常","中","否","否","0","11:55:08"
"compass-AI","M_t08_e00_p80","部分","正常","中","否","否","0","11:55:10"
"compass-AI","M_t08_e01_p35","部分","正常","中","否","否","0","11:55:12"
"compass-AI","M_t08_e01_p80","部分","正常","中","否","否","0","11:55:14"
"compass-AI","M_t08_e02_p35","部分","正常","中","否","否","0","11:55:15"
"compass-AI","M_t08_e02_p80","部分","正常","中","否","否","0","11:55:16"
"compass-AI","M_t08_e03_p35","部分","正常","中","否","否","0","11:55:17"
"compass-AI","M_t08_e03_p80","部分","正常","中","否","否","0","11:55:19"
"compass-AI","M_t08_e04_p35","部分","正常","中","否","否","0","11:55:20"
"compass-AI","M_t08_e04_p80","部分","正常","中","否","否","0","11:55:20"
"compass-AI","M_t08_e05_p35","部分","正常","中","否","否","0","11:55:22"
"compass-AI","M_t08_e05_p80","部分","正常","中","否","否","0","11:55:22"
"compass-AI","M_t08_e06_p35","部分","正常","中","否","否","0","11:55:23"
"compass-AI","M_t08_e06_p80","部分","正常","中","否","否","0","11:55:24"
"compass-AI","M_t08_e07_p35","部分","正常","中","否","否","0","11:55:25"
"compass-AI","M_t08_e07_p80","部分","正常","中","否","否","0","11:55:26"
"compass-AI","M_t08_e08_p35","部分","正常","中","否","否","0","11:55:26"
"compass-AI","M_t08_e08_p80","部分","正常","中","否","否","0","11:55:27"
"compass-AI","M_t08_e10_p35","部分","正常","中","否","否","0","11:55:28"
"compass-AI","M_t08_e10_p80","部分","正常","中","否","否","0","11:55:29"
"compass-AI","M_t08_e11_p35","部分","正常","中","否","否","0","11:55:31"
"compass-AI","M_t08_e11_p80","部分","正常","中","否","否","0","11:55:33"
"compass-AI","M_t08_e12_p35","部分","正常","中","否","否","0","11:55:35"
"compass-AI","M_t08_e12_p80","部分","正常","中","否","否","0","11:55:37"
"compass-AI","M_t08_e13_p35","部分","正常","中","否","否","0","11:55:39"
"compass-AI","M_t08_e13_p80","部分","正常","中","否","否","0","11:55:42"
"compass-AI","M_t08_e14_p35","部分","正常","中","否","否","0","11:55:44"
"compass-AI","M_t08_e14_p80","部分","正常","中","否","否","0","11:55:46"
"compass-AI","M_t08_e15_p35","部分","正常","中","否","否","0","11:55:48"
"compass-AI","M_t08_e15_p80","部分","正常","中","否","否","0","11:55:50"
"compass-AI","M_t08_e16_p35","部分","正常","中","否","否","0","11:55:51"
"compass-AI","M_t08_e16_p80","部分","正常","中","否","否","0","11:55:53"
"compass-AI","M_t08_e17_p35","部分","正常","中","否","否","0","11:55:54"
"compass-AI","M_t08_e17_p80","部分","正常","中","否","否","0","11:55:55"
"compass-AI","M_t08_e18_p35","部分","正常","中","否","否","0","11:55:56"
"compass-AI","M_t08_e18_p80","部分","正常","中","否","否","0","11:55:57"
"compass-AI","M_t08_e19_p35","部分","正常","中","否","否","0","11:55:57"
"compass-AI","M_t08_e19_p80","部分","正常","中","否","否","0","11:55:58"
"compass-AI","M_t08_e20_p35","部分","正常","中","否","否","0","11:55:59"
"compass-AI","M_t08_e20_p80","部分","正常","中","否","否","0","11:56:00"
"compass-AI","M_t08_e21_p35","部分","正常","中","否","否","0","11:56:01"
"compass-AI","M_t08_e21_p80","部分","正常","中","否","否","0","11:56:02"
"compass-AI","M_t08_e22_p35","部分","正常","中","否","否","0","11:56:02"
"compass-AI","M_t08_e22_p80","部分","正常","中","否","否","0","11:56:03"
"compass-AI","M_t08_e23_p35","部分","正常","中","否","否","0","11:56:04"
"compass-AI","M_t08_e23_p80","部分","正常","中","否","否","0","11:56:05"
"compass-AI","M_t08_e24_p35","部分","正常","中","否","否","0","11:56:06"
"compass-AI","M_t08_e24_p80","部分","正常","中","否","否","0","11:56:08"
"compass-AI","M_t08_e26_p35","部分","正常","中","否","否","0","11:56:10"
"compass-AI","M_t08_e26_p80","部分","正常","中","否","否","0","11:56:12"
"compass-AI","M_t08_e28_p35","部分","正常","中","否","否","0","11:56:15"
"compass-AI","M_t08_e28_p80","部分","正常","中","否","否","0","11:56:17"
"compass-AI","M_t08_e29_p35","部分","正常","中","否","否","0","11:56:19"
"compass-AI","M_t08_e29_p80","部分","正常","中","否","否","0","11:56:21"
"compass-AI","M_t08_e32_p35","部分","正常","中","否","否","0","11:56:23"
"compass-AI","M_t08_e32_p80","部分","正常","中","否","否","0","11:56:25"
"compass-AI","M_t08_e35_p35","部分","正常","中","否","否","0","11:56:26"
"compass-AI","M_t08_e35_p80","部分","正常","中","否","否","0","11:56:27"
"compass-AI","M_t08_e37_p35","部分","正常","中","否","否","0","11:56:28"
"compass-AI","M_t08_e37_p80","部分","正常","中","否","否","0","11:56:29"
"compass-AI","M_t08_e39_p35","部分","正常","中","否","否","0","11:56:30"
"compass-AI","M_t08_e39_p80","部分","正常","中","否","否","0","11:56:31"
"compass-AI","M_t08_e40_p35","部分","正常","中","否","否","0","11:56:32"
"compass-AI","M_t08_e40_p80","部分","正常","中","否","否","0","11:56:33"
"compass-AI","M_t08_e42_p35","部分","正常","中","否","否","0","11:56:34"
"compass-AI","M_t08_e42_p80","部分","正常","中","否","否","0","11:56:35"
"compass-AI","M_t08_e47_p35","部分","正常","中","否","否","0","11:56:36"
"compass-AI","M_t08_e47_p80","部分","正常","中","否","否","0","11:56:36"
"compass-AI","M_t09_e04_p35","部分","正常","中","否","否","0","11:56:37"
"compass-AI","M_t09_e04_p80","部分","正常","中","否","否","0","11:56:38"
"compass-AI","M_t09_e18_p35","部分","正常","中","否","否","0","11:56:39"
"compass-AI","M_t09_e18_p80","部分","正常","中","否","否","0","11:56:40"
"compass-AI","M_t09_e25_p35","部分","正常","中","否","否","0","11:56:41"
"compass-AI","M_t09_e25_p80","部分","正常","中","否","否","0","11:56:41"
"compass-AI","M_t09_e30_p35","部分","异常","低","否","否","0","11:56:42"
"compass-AI","M_t09_e30_p80","部分","正常","中","否","否","0","11:56:43"
"compass-AI","M_t09_e44_p35","部分","正常","中","否","否","0","11:56:44"
"compass-AI","M_t09_e44_p80","部分","正常","中","否","否","0","11:56:44"
"compass-AI","M_t09_e48_p35","部分","正常","中","否","否","0","11:56:46"
"compass-AI","M_t09_e48_p80","部分","正常","中","否","否","0","11:56:47"
"compass-AI","X_t00_e00_p35","部分","正常","中","否","否","0","11:56:48"
"compass-AI","X_t00_e00_p80","部分","正常","中","否","否","0","11:56:50"
"compass-AI","X_t00_e01_p35","部分","异常","低","否","否","0","11:56:52"
"compass-AI","X_t00_e01_p80","部分","正常","中","否","否","0","11:56:54"
"compass-AI","X_t00_e03_p35","部分","正常","中","否","否","0","11:56:56"
"compass-AI","X_t00_e03_p80","部分","正常","中","否","否","0","11:56:58"
"compass-AI","X_t00_e05_p35","部分","正常","中","否","否","0","11:57:01"
"compass-AI","X_t00_e05_p80","部分","正常","中","否","否","0","11:57:03"
"compass-AI","X_t00_e07_p35","部分","正常","中","否","否","0","11:57:05"
"compass-AI","X_t00_e07_p80","部分","正常","中","否","否","0","11:57:07"
"compass-AI","X_t00_e10_p35","部分","正常","中","否","否","0","11:57:08"
"compass-AI","X_t00_e10_p80","部分","正常","中","否","否","0","11:57:09"
"compass-AI","X_t00_e12_p35","部分","正常","中","否","否","0","11:57:10"
"compass-AI","X_t00_e12_p80","部分","正常","中","否","否","0","11:57:11"
"compass-AI","X_t00_e14_p35","部分","异常","低","否","否","0","11:57:13"
"compass-AI","X_t00_e14_p80","部分","正常","中","否","否","0","11:57:14"
"compass-AI","X_t00_e15_p35","部分","无法判断","低","否","否","0","11:57:15"
"compass-AI","X_t00_e15_p80","部分","正常","中","否","否","0","11:57:16"
"compass-AI","X_t00_e19_p35","部分","正常","中","否","否","0","11:57:17"
"compass-AI","X_t00_e19_p80","部分","正常","中","否","否","0","11:57:18"
"compass-AI","X_t00_e22_p35","部分","异常","低","否","否","0","11:57:19"
"compass-AI","X_t00_e22_p80","部分","正常","中","否","否","0","11:57:20"
"compass-AI","X_t00_e24_p35","部分","异常","低","否","否","0","11:57:20"
"compass-AI","X_t00_e24_p80","部分","异常","低","否","否","0","11:57:21"
"compass-AI","X_t00_e26_p35","部分","正常","中","否","否","0","11:57:22"
"compass-AI","X_t00_e26_p80","部分","正常","中","否","否","0","11:57:23"
"compass-AI","X_t00_e28_p35","部分","正常","中","否","否","0","11:57:23"
"compass-AI","X_t00_e28_p80","部分","正常","中","否","否","0","11:57:24"
"compass-AI","X_t00_e31_p35","部分","正常","中","否","否","0","11:57:25"
"compass-AI","X_t00_e31_p80","部分","正常","中","否","否","0","11:57:26"
"compass-AI","X_t00_e33_p35","部分","正常","中","否","否","0","11:57:26"
"compass-AI","X_t00_e33_p80","部分","正常","中","否","否","0","11:57:28"
"compass-AI","X_t00_e36_p35","部分","正常","中","否","否","0","11:57:31"
"compass-AI","X_t00_e36_p80","部分","正常","中","否","否","0","11:57:33"
"compass-AI","X_t00_e39_p35","部分","正常","中","否","否","0","11:57:36"
"compass-AI","X_t00_e39_p80","部分","正常","中","否","否","0","11:57:39"
"compass-AI","X_t00_e41_p35","部分","正常","中","否","否","0","11:57:41"
"compass-AI","X_t00_e41_p80","部分","正常","中","否","否","0","11:57:43"
"compass-AI","X_t00_e42_p35","部分","异常","低","否","否","0","11:57:44"
"compass-AI","X_t00_e42_p80","部分","正常","中","否","否","0","11:57:46"
"compass-AI","X_t00_e43_p35","部分","正常","中","否","否","0","11:57:47"
"compass-AI","X_t00_e43_p80","部分","正常","中","否","否","0","11:57:48"
"compass-AI","X_t00_e46_p35","部分","正常","中","否","否","0","11:57:49"
"compass-AI","X_t00_e46_p80","部分","正常","中","否","否","0","11:57:50"
"compass-AI","X_t00_e48_p35","部分","正常","中","否","否","0","11:57:51"
"compass-AI","X_t00_e48_p80","部分","正常","中","否","否","0","11:57:52"
"compass-AI","X_t01_e04_p35","部分","正常","中","否","否","0","11:57:53"
"compass-AI","X_t01_e04_p80","部分","正常","中","否","否","0","11:57:54"
"compass-AI","X_t01_e34_p35","部分","正常","中","否","否","0","11:57:55"
"compass-AI","X_t01_e34_p80","部分","正常","中","否","否","0","11:57:56"
"compass-AI","X_t02_e02_p35","部分","正常","中","否","否","0","11:57:57"
"compass-AI","X_t02_e02_p80","部分","正常","中","否","否","0","11:57:57"
"compass-AI","X_t02_e05_p35","部分","正常","中","否","否","0","11:57:58"
"compass-AI","X_t02_e05_p80","部分","正常","中","否","否","0","11:57:59"
"compass-AI","X_t03_e16_p35","部分","异常","低","否","否","0","11:58:00"
"compass-AI","X_t03_e16_p80","部分","异常","低","否","否","0","11:58:01"
"compass-AI","X_t03_e20_p35","部分","异常","低","否","否","0","11:58:01"
"compass-AI","X_t03_e20_p80","部分","异常","低","否","否","0","11:58:03"
"compass-AI","X_t04_e03_p35","部分","正常","中","否","否","0","11:58:04"
"compass-AI","X_t04_e03_p80","部分","正常","中","否","否","0","11:58:07"
"compass-AI","X_t04_e37_p35","部分","正常","中","否","否","0","11:58:09"
"compass-AI","X_t04_e37_p80","部分","正常","中","否","否","0","11:58:12"
"compass-AI","X_t05_e13_p35","部分","正常","中","否","否","0","11:58:14"
"compass-AI","X_t05_e13_p80","部分","正常","中","否","否","0","11:58:16"
"compass-AI","X_t06_e08_p35","部分","正常","中","否","否","0","11:58:18"
"compass-AI","X_t06_e08_p80","部分","正常","中","否","否","0","11:58:20"
"compass-AI","X_t06_e14_p35","部分","正常","中","否","否","0","11:58:21"
"compass-AI","X_t06_e14_p80","部分","正常","中","否","否","0","11:58:23"
"compass-AI","X_t06_e16_p35","部分","正常","中","否","否","0","11:58:24"
"compass-AI","X_t06_e16_p80","部分","正常","中","否","否","0","11:58:26"
"compass-AI","X_t06_e20_p35","部分","正常","中","否","否","0","11:58:27"
"compass-AI","X_t06_e20_p80","部分","正常","中","否","否","0","11:58:28"
"compass-AI","X_t06_e21_p35","部分","无法判断","低","否","否","0","11:58:29"
"compass-AI","X_t06_e21_p80","部分","正常","中","否","否","0","11:58:30"
"compass-AI","X_t06_e23_p35","部分","正常","中","否","否","0","11:58:31"
"compass-AI","X_t06_e23_p80","部分","正常","中","否","否","0","11:58:32"
"compass-AI","X_t06_e29_p35","部分","正常","中","否","否","0","11:58:33"
"compass-AI","X_t06_e29_p80","部分","正常","中","否","否","0","11:58:34"
"compass-AI","X_t06_e32_p35","部分","正常","中","否","否","0","11:58:34"
"compass-AI","X_t06_e32_p80","部分","正常","中","否","否","0","11:58:35"
"compass-AI","X_t06_e35_p35","部分","正常","中","否","否","0","11:58:36"
"compass-AI","X_t06_e35_p80","部分","正常","中","否","否","0","11:58:37"
"compass-AI","X_t06_e40_p35","部分","正常","中","否","否","0","11:58:37"
"compass-AI","X_t06_e40_p80","部分","正常","中","否","否","0","11:58:38"
"compass-AI","X_t06_e44_p35","部分","正常","中","否","否","0","11:58:39"
"compass-AI","X_t06_e44_p80","部分","正常","中","否","否","0","11:58:40"
"compass-AI","X_t06_e49_p35","部分","正常","中","否","否","0","11:58:40"
"compass-AI","X_t06_e49_p80","部分","正常","中","否","否","0","11:58:41"
"compass-AI","X_t08_e01_p35","部分","正常","中","否","否","0","11:58:42"
"compass-AI","X_t08_e01_p80","部分","正常","中","否","否","0","11:58:43"
"compass-AI","X_t08_e06_p35","部分","正常","中","否","否","0","11:58:44"
"compass-AI","X_t08_e06_p80","部分","正常","中","否","否","0","11:58:44"
"compass-AI","X_t08_e08_p35","部分","正常","中","否","否","0","11:58:45"
"compass-AI","X_t08_e08_p80","部分","正常","中","否","否","0","11:58:47"
"compass-AI","X_t08_e13_p35","部分","正常","中","否","否","0","11:58:50"
"compass-AI","X_t08_e13_p80","部分","正常","中","否","否","0","11:58:52"
"compass-AI","X_t08_e17_p35","部分","正常","中","否","否","0","11:58:56"
"compass-AI","X_t08_e17_p80","部分","正常","中","否","否","0","11:58:57"
"compass-AI","X_t08_e21_p35","部分","正常","中","否","否","0","11:58:59"
"compass-AI","X_t08_e21_p80","部分","正常","中","否","否","0","11:59:01"
"compass-AI","X_t08_e22_p35","部分","正常","中","否","否","0","11:59:03"
"compass-AI","X_t08_e22_p80","部分","正常","中","否","否","0","11:59:04"
"compass-AI","X_t08_e27_p35","部分","正常","中","否","否","0","11:59:05"
"compass-AI","X_t08_e27_p80","部分","正常","中","否","否","0","11:59:06"
"compass-AI","X_t08_e38_p35","部分","正常","中","否","否","0","11:59:07"
"compass-AI","X_t08_e38_p80","部分","正常","中","否","否","0","11:59:08"
"compass-AI","X_t08_e47_p35","部分","正常","中","否","否","0","11:59:10"
"compass-AI","X_t08_e47_p80","部分","正常","中","否","否","0","11:59:11"
"compass-AI","X_t09_e02_p35","部分","正常","中","否","否","0","11:59:12"
"compass-AI","X_t09_e02_p80","部分","正常","中","否","否","0","11:59:13"
"compass-AI","X_t09_e04_p35","部分","正常","中","否","否","0","11:59:14"
"compass-AI","X_t09_e04_p80","部分","正常","中","否","否","0","11:59:15"
"compass-AI","X_t09_e06_p35","部分","正常","中","否","否","0","11:59:15"
"compass-AI","X_t09_e06_p80","部分","正常","中","否","否","0","11:59:16"
"compass-AI","X_t09_e09_p35","部分","正常","中","否","否","0","11:59:17"
"compass-AI","X_t09_e09_p80","部分","正常","中","否","否","0","11:59:18"
"compass-AI","X_t09_e11_p35","部分","正常","中","否","否","0","11:59:19"
"compass-AI","X_t09_e11_p80","部分","正常","中","否","否","0","11:59:19"
"compass-AI","X_t09_e18_p35","部分","正常","中","否","否","0","11:59:20"
"compass-AI","X_t09_e18_p80","部分","正常","中","否","否","0","11:59:21"
"compass-AI","X_t09_e23_p35","部分","正常","中","否","否","0","11:59:22"
"compass-AI","X_t09_e23_p80","部分","正常","中","否","否","0","11:59:23"
"compass-AI","X_t09_e25_p35","部分","正常","中","否","否","0","11:59:23"
"compass-AI","X_t09_e25_p80","部分","正常","中","否","否","0","11:59:24"
"compass-AI","X_t09_e30_p35","部分","正常","中","否","否","0","11:59:25"
"compass-AI","X_t09_e30_p80","部分","正常","中","否","否","0","11:59:26"
"compass-AI","X_t09_e45_p35","部分","正常","中","否","否","0","11:59:27"
"compass-AI","X_t09_e45_p80","部分","正常","中","否","否","0","11:59:27"
"compass-AI","Y_t00_e00_p35","部分","正常","中","否","否","0","11:59:28"
"compass-AI","Y_t00_e00_p80","部分","正常","中","否","否","0","11:59:29"
"compass-AI","Y_t00_e01_p35","部分","异常","低","否","否","0","11:59:30"
"compass-AI","Y_t00_e01_p80","部分","正常","中","否","否","0","11:59:32"
"compass-AI","Y_t00_e02_p35","部分","无法判断","低","否","否","0","11:59:35"
"compass-AI","Y_t00_e02_p80","部分","正常","中","否","否","0","11:59:37"
"compass-AI","Y_t00_e05_p35","部分","正常","中","否","否","0","11:59:39"
"compass-AI","Y_t00_e05_p80","部分","正常","中","否","否","0","11:59:41"
"compass-AI","Y_t00_e08_p35","部分","无法判断","低","否","否","0","11:59:43"
"compass-AI","Y_t00_e08_p80","部分","异常","低","否","否","0","11:59:44"
"compass-AI","Y_t00_e12_p35","部分","正常","中","否","否","0","11:59:46"
"compass-AI","Y_t00_e12_p80","部分","正常","中","否","否","0","11:59:48"
"compass-AI","Y_t00_e15_p35","部分","正常","中","否","否","0","11:59:50"
"compass-AI","Y_t00_e15_p80","部分","正常","中","否","否","0","11:59:51"
"compass-AI","Y_t00_e17_p35","部分","正常","中","否","否","0","11:59:52"
"compass-AI","Y_t00_e17_p80","部分","正常","中","否","否","0","11:59:53"
"compass-AI","Y_t00_e20_p35","部分","正常","中","否","否","0","11:59:54"
"compass-AI","Y_t00_e20_p80","部分","正常","中","否","否","0","11:59:55"
"compass-AI","Y_t00_e22_p35","部分","正常","中","否","否","0","11:59:56"
"compass-AI","Y_t00_e22_p80","部分","正常","中","否","否","0","11:59:58"
"compass-AI","Y_t00_e24_p35","部分","正常","中","否","否","0","11:59:59"
"compass-AI","Y_t00_e24_p80","部分","正常","中","否","否","0","12:00:00"
"compass-AI","Y_t00_e26_p35","部分","正常","中","否","否","0","12:00:01"
"compass-AI","Y_t00_e26_p80","部分","异常","低","否","否","0","12:00:02"
"compass-AI","Y_t00_e29_p35","部分","正常","中","否","否","0","12:00:02"
"compass-AI","Y_t00_e29_p80","部分","正常","中","否","否","0","12:00:03"
"compass-AI","Y_t00_e31_p35","部分","正常","中","否","否","0","12:00:04"
"compass-AI","Y_t00_e31_p80","部分","正常","中","否","否","0","12:00:05"
"compass-AI","Y_t00_e34_p35","部分","正常","中","否","否","0","12:00:05"
"compass-AI","Y_t00_e34_p80","部分","正常","中","否","否","0","12:00:06"
"compass-AI","Y_t00_e38_p35","部分","正常","中","否","否","0","12:00:07"
"compass-AI","Y_t00_e38_p80","部分","正常","中","否","否","0","12:00:08"
"compass-AI","Y_t00_e40_p35","部分","正常","中","否","否","0","12:00:08"
"compass-AI","Y_t00_e40_p80","部分","正常","中","否","否","0","12:00:09"
"compass-AI","Y_t00_e43_p35","部分","正常","中","否","否","0","12:00:10"
"compass-AI","Y_t00_e43_p80","部分","正常","中","否","否","0","12:00:11"
"compass-AI","Y_t00_e46_p35","部分","正常","中","否","否","0","12:00:11"
"compass-AI","Y_t00_e46_p80","部分","正常","中","否","否","0","12:00:12"
"compass-AI","Y_t01_e06_p35","部分","正常","中","否","否","0","12:00:13"
"compass-AI","Y_t01_e06_p80","部分","正常","中","否","否","0","12:00:14"
"compass-AI","Y_t01_e25_p35","部分","正常","中","否","否","0","12:00:15"
"compass-AI","Y_t01_e25_p80","部分","正常","中","否","否","0","12:00:15"
"compass-AI","Y_t01_e27_p35","部分","正常","中","否","否","0","12:00:17"
"compass-AI","Y_t01_e27_p80","部分","正常","中","否","否","0","12:00:19"
"compass-AI","Y_t01_e44_p35","部分","正常","中","否","否","0","12:00:22"
"compass-AI","Y_t01_e44_p80","部分","正常","中","否","否","0","12:00:25"
"compass-AI","Y_t02_e02_p35","部分","异常","低","否","否","0","12:00:28"
"compass-AI","Y_t02_e02_p80","部分","正常","中","否","否","0","12:00:30"
"compass-AI","Y_t02_e41_p35","部分","异常","低","否","否","0","12:00:32"
"compass-AI","Y_t02_e41_p80","部分","正常","中","否","否","0","12:00:33"
"compass-AI","Y_t02_e45_p35","部分","正常","中","否","否","0","12:00:35"
"compass-AI","Y_t02_e45_p80","部分","正常","中","否","否","0","12:00:36"
"compass-AI","Y_t03_e06_p35","部分","异常","低","否","否","0","12:00:37"
"compass-AI","Y_t03_e06_p80","部分","异常","低","否","否","0","12:00:38"
"compass-AI","Y_t03_e13_p35","部分","异常","低","否","否","0","12:00:39"
"compass-AI","Y_t03_e13_p80","部分","异常","低","否","否","0","12:00:39"
"compass-AI","Y_t03_e42_p35","部分","异常","低","否","否","0","12:00:40"
"compass-AI","Y_t03_e42_p80","部分","异常","低","否","否","0","12:00:41"
"compass-AI","Y_t03_e47_p35","部分","异常","低","否","否","0","12:00:42"
"compass-AI","Y_t03_e47_p80","部分","异常","低","否","否","0","12:00:45"
"compass-AI","Y_t05_e48_p35","部分","正常","中","否","否","0","12:00:47"
"compass-AI","Y_t05_e48_p80","部分","正常","中","否","否","0","12:00:50"
"compass-AI","Y_t06_e03_p35","部分","正常","中","否","否","0","12:00:52"
"compass-AI","Y_t06_e03_p80","部分","正常","中","否","否","0","12:00:54"
"compass-AI","Y_t06_e07_p35","部分","正常","中","否","否","0","12:00:56"
"compass-AI","Y_t06_e07_p80","部分","正常","中","否","否","0","12:00:58"
"compass-AI","Y_t06_e09_p35","部分","正常","中","否","否","0","12:01:00"
"compass-AI","Y_t06_e09_p80","部分","正常","中","否","否","0","12:01:01"
"compass-AI","Y_t06_e13_p35","部分","正常","中","否","否","0","12:01:02"
"compass-AI","Y_t06_e13_p80","部分","正常","中","否","否","0","12:01:03"
"compass-AI","Y_t06_e14_p35","部分","正常","中","否","否","0","12:01:04"
"compass-AI","Y_t06_e14_p80","部分","正常","中","否","否","0","12:01:05"
"compass-AI","Y_t06_e16_p35","部分","正常","中","否","否","0","12:01:06"
"compass-AI","Y_t06_e16_p80","部分","正常","中","否","否","0","12:01:06"
"compass-AI","Y_t06_e18_p35","部分","正常","中","否","否","0","12:01:07"
"compass-AI","Y_t06_e18_p80","部分","正常","中","否","否","0","12:01:08"
"compass-AI","Y_t06_e21_p35","部分","正常","中","否","否","0","12:01:09"
"compass-AI","Y_t06_e21_p80","部分","正常","中","否","否","0","12:01:11"
"compass-AI","Y_t06_e23_p35","部分","正常","中","否","否","0","12:01:13"
"compass-AI","Y_t06_e23_p80","部分","正常","中","否","否","0","12:01:15"
"compass-AI","Y_t06_e28_p35","部分","正常","中","否","否","0","12:01:17"
"compass-AI","Y_t06_e28_p80","部分","正常","中","否","否","0","12:01:19"
"compass-AI","Y_t06_e30_p35","部分","正常","中","否","否","0","12:01:22"
"compass-AI","Y_t06_e30_p80","部分","正常","中","否","否","0","12:01:24"
"compass-AI","Y_t06_e32_p35","部分","正常","中","否","否","0","12:01:26"
"compass-AI","Y_t06_e32_p80","部分","正常","中","否","否","0","12:01:28"
"compass-AI","Y_t06_e35_p35","部分","正常","中","否","否","0","12:01:29"
"compass-AI","Y_t06_e35_p80","部分","正常","中","否","否","0","12:01:31"
"compass-AI","Y_t06_e49_p35","部分","正常","中","否","否","0","12:01:32"
"compass-AI","Y_t06_e49_p80","部分","正常","中","否","否","0","12:01:33"
"compass-AI","Y_t08_e01_p35","部分","正常","中","否","否","0","12:01:35"
"compass-AI","Y_t08_e01_p80","部分","正常","中","否","否","0","12:01:36"
"compass-AI","Y_t08_e04_p35","部分","正常","中","否","否","0","12:01:37"
"compass-AI","Y_t08_e04_p80","部分","正常","中","否","否","0","12:01:37"
"compass-AI","Y_t08_e07_p35","部分","正常","中","否","否","0","12:01:38"
"compass-AI","Y_t08_e07_p80","部分","正常","中","否","否","0","12:01:39"
"compass-AI","Y_t08_e10_p35","部分","正常","中","否","否","0","12:01:40"
"compass-AI","Y_t08_e10_p80","部分","正常","中","否","否","0","12:01:41"
"compass-AI","Y_t08_e14_p35","部分","正常","中","否","否","0","12:01:42"
"compass-AI","Y_t08_e14_p80","部分","正常","中","否","否","0","12:01:43"
"compass-AI","Y_t08_e18_p35","部分","正常","中","否","否","0","12:01:44"
"compass-AI","Y_t08_e18_p80","部分","正常","中","否","否","0","12:01:46"
"compass-AI","Y_t08_e21_p35","部分","正常","中","否","否","0","12:01:48"
"compass-AI","Y_t08_e21_p80","部分","正常","中","否","否","0","12:01:50"
"compass-AI","Y_t08_e36_p35","部分","正常","中","否","否","0","12:01:52"
"compass-AI","Y_t08_e36_p80","部分","正常","中","否","否","0","12:01:54"
"compass-AI","Y_t08_e39_p35","部分","正常","中","否","否","0","12:01:57"
"compass-AI","Y_t08_e39_p80","部分","正常","中","否","否","0","12:01:59"
"compass-AI","Y_t09_e00_p35","部分","正常","中","否","否","0","12:02:01"
"compass-AI","Y_t09_e00_p80","部分","正常","中","否","否","0","12:02:03"
"compass-AI","Y_t09_e04_p35","部分","正常","中","否","否","0","12:02:04"
"compass-AI","Y_t09_e04_p80","部分","正常","中","否","否","0","12:02:06"
"compass-AI","Y_t09_e11_p35","部分","正常","中","否","否","0","12:02:07"
"compass-AI","Y_t09_e11_p80","部分","正常","中","否","否","0","12:02:08"
"compass-AI","Y_t09_e19_p35","部分","正常","中","否","否","0","12:02:09"
"compass-AI","Y_t09_e19_p80","部分","正常","中","否","否","0","12:02:10"
"compass-AI","Y_t09_e33_p35","部分","正常","中","否","否","0","12:02:11"
"compass-AI","Y_t09_e33_p80","部分","正常","中","否","否","0","12:02:12"
"compass-AI","Y_t09_e37_p35","部分","正常","中","否","否","0","12:02:13"
"compass-AI","Y_t09_e37_p80","部分","正常","中","否","否","0","12:02:14"
